review_id,user_id,review_date,review,flight_id,flight_date,route_id,seat_type,is_recommended,rating_overall,rating_ife,rating_seat_comfort,rating_food_beverages,rating_value_for_money,rating_wifi_connectivity,rating_cabin_staff_service,rating_ground_service
1,92,2025-01-09,"先日はBricks Airwaysを利用してヨーロッパへ出張に行ってきました。私は普段からジャズを好んで聴いているのですが、長距離のフライトの間はちょうどBGM代わりになると考え、機内で用意されている音楽コンテンツを楽しみにしていました。しかし、プレイリストを見ると、なんと最新K-POPと90年代ロックしかありません。静かな曲を探すのに30分ほど無駄にしてしまい、少し残念でした。

ただ、フライト中に観た映画は非常に面白く、退屈することはありませんでした。ストーリーも展開が早く、気づけばあっという間に上映が終わってしまいました。機内エンターテイメントの充実度は高く評価できる点だと思います。次回も機会があればBricks Airwaysを利用したいと考えています。",A470-900,2025-01-08,HND-ITM,Economy Class,True,4,5,4,3,3,3,4,4
2,21,2025-01-12,先日は初めての海外旅行で緊張していたのですが、空港のラウンジで、スタッフが非常に快適に過ごせるように配慮してくれ、リラックスできる時間を提供してくれたのでとても助かりました。素晴らしいサービスだったと思います。実際に飛行機に乗ってみても、飛行機内のスクリーンが大きく、映画を観る際に視覚的な楽しさが倍増しました。,A392-300,2025-01-11,HND-ITM,Premium Economy,True,5,5,3,4,3,3,3,4
3,96,2024-12-23,先日利用した航空サービスは本当に素晴らしかった。普段から海外旅行が趣味でよく利用するが、今回は特に感動した。機内でのサービスが迅速で、何度も頼んだことを丁寧に対応してくれた。安心感があり、全体的に非常に良かった。料金に見合った素晴らしいサービスがあり、非常に快適なフライトとなった。コスパが良いと感じた。次回もまた利用したい。,S410-XLR,2024-12-22,NRT-CDG,Business Class,True,5,4,4,3,4,3,4,4
4,64,2024-12-21,先日は開発合宿で東京に行っており、帰りの飛行機でがっかりさせられました。出発前にビジネスクラス向け高速Wi-Fiと書かれていたので期待していたのですが、実際は低帯域でIDEがクラッシュするほどでした。看板に偽りありとしか思えませんでした。また、手荷物を預けた後、座席のシートベルトが緩んでいたのでスタッフに指摘しましたが、あまりにも無関心な対応でした。さらに座席のクッションが壊れていたことも伝えましたが、こちらも無視されてしまい、対処してもらえませんでした。,A392-300,2024-12-20,HND-CTS,Premium Economy,False,1,1,4,4,4,3,2,4
5,84,2024-12-26,先日初めて利用した航空会社で、スポーツイベントを観戦するために旅行したのですが、機内エンターテイメントでスポーツイベントの中継があると思っていたのに、全くありませんでした。非常に残念です。しかし、フライト中に緊急事態が発生し、乗務員がすぐに冷静に対処してくれ、乗客全員に安心感を与えてくれた。非常に頼もしいと感じました。,A450-800,2024-12-25,HND-CTS,Premium Economy,True,4,2,4,3,4,4,5,4
6,65,2025-04-10,最近、家族で海外旅行に行くために航空券を予約したのですが、正直料金が高く感じました。実際にサービスを利用してみても、料金に見合ったサービスが提供されているとは思えず、コストパフォーマンスが悪いと感じました。チェックインの際には、スタッフのミスで航空券が無効にされてしまい、再発行のために余計な手間がかかりました。航空券の確認をもっと慎重に行ってほしかったです。一方、フライト中は機内Wi-Fiを使って簡単にネットにアクセスでき、事前に調べたかったこともスムーズに調べられて非常に便利でした。,A425-900,2025-04-08,HND-SFO,Premium Economy,False,3,3,4,3,3,3,4,2
7,105,2024-12-20,海外旅行中に家族と離れて一人で帰国する子供と、初めての海外旅行で大変楽しみにしていた家族でしたが、機内Wi-Fiが全く使えなかったので、子どもと連絡が取れず非常に困った。旅行中にWi-Fiを利用したいと思っていたのに、まったく接続できなかった。価格は高いが、それに見合った素晴らしい快適さと、航空会社の対応が良かったのは救いだった。出された料理が全体的に塩辛く、口に合わなかった。フライトが長いだけに、この食事で長時間過ごすのは辛かった。,S385-TP,2024-12-19,HND-LHR,Business Class,False,3,4,3,2,3,2,4,3
8,56,2025-02-17,最近海外旅行が趣味でよく利用する航空会社だが、今回他の航空会社より高い料金を払ったが、フライト中の体験が期待外れだった。搭乗前に期待していたサービスがあまり提供されず残念だった。次回はよりリーズナブルな選択肢を選ぶかもしれない。しかし、以前利用した時は料金が高いが、それに見合った素晴らしいサービスと快適なフライト体験ができ、納得できた。やはり利用する時期や運によってサービスに差があるのかもしれない。,B845-9,2025-02-16,HND-SFO,Premium Economy,True,3,3,4,4,2,3,4,3
9,31,2025-04-26,娘の大学留学先に向かうために利用しました。海外は初めてで、できれば効率的な移動方法や地域特化のTipsなど、もっと現地情報が充実していると嬉しいです。高額なチケット代でも納得できるサービスだったので良かったです。特にフライト中の食事やエンタメが非常に充実していたので、快適に過ごすことができました。フライト中、急な変更に対応してくれたスタッフの迅速な対応に感謝しています。大きな不安を感じることなくフライトを終えることができました。,A470-900,2025-04-25,HND-CTS,First Class,True,4,2,3,4,4,3,4,3
10,4,2025-02-14,初めての海外旅行で、長時間のフライトに備えて期待していたのは機内エンタメでしたが、残念ながらほぼ旧作映画やドラマばかりで、見たことあるものばかりでした。探すのも億劫になり暇つぶし不足が辛かったです。しかし、Bricks Airwaysのスタッフの配慮には感動しました。飲み物や軽食をこまめに提供してくれたおかげで、身体の疲れを感じることなく快適に過ごすことができました。結果的に、Bricks Airwaysの機内エンタメは種類が豊富で、長時間のフライトも退屈せずに過ごせました。次回もこの航空会社を利用したいと思います。,B830-10,2025-02-13,HND-ITM,Economy Class,True,4,2,4,4,3,3,4,4
11,24,2025-02-04,先日利用した際はビジネス出張の途中で機内食が出されたが、冷めていて非常に不味かった。忙しい中での食事だったので、せめて温かいものが食べたかった。とはいえ、乗っている間、子どもが退屈しないように配慮されているので、家族旅行にも最適だと思う。実際、以前家族で利用した際は子供も楽しそうにしていたので、また利用したい。,B830-10,2025-02-03,HND-ITM,Economy Class,True,4,4,3,1,4,3,3,3
12,43,2025-01-19,先月、家族でアメリカに旅行に行った際、利用した航空会社のサービスにいくつか不満があった。まず、自動チェックイン機が故障しており、スタッフに案内されても対応が遅く、長時間並ぶ羽目になった。もっと機器のメンテナンスに気を使ってほしい。フライト中は乗客が多くて少し混雑していたが、映画や音楽を楽しむスペースは確保されていて快適だった。しかし、フライトが非常に混雑していて、飲み物を頼んでもなかなか回ってこなかった。さらにお水がないと言われてかなり不安になった。家族で利用する際はもう少し改善を望みたい。,A425-900,2025-01-18,HND-LHR,Economy Class,False,3,4,3,1,3,4,3,3
13,9,2025-01-23,最近、家族で海外旅行に行くために航空会社を利用しました。私は長時間のフライトで腰が痛くなることが多いので、快適な座席を期待していたのですが、やはり長時間座っていると痛くなってしまいました。もっと快適に座れるシートがあれば良いなと思いました。ただ、機内サービスは非常に良く、飲み物サービスは親切で、コーヒーやジュースのリフィルもこまめにしてくれたので助かりました。フライトが遅れた際も、スタッフが待機中の案内をしっかり行ってくれ、遅延の原因や最新情報を逐一提供してくれたので、安心して待つことができました。こうした細やかな配慮に感謝しています。,S410-XLR,2025-01-22,HND-SFO,First Class,True,4,3,3,4,4,3,3,5
14,74,2025-02-10,私は仕事で頻繁に海外を訪れる機会が多い。最近、ある航空会社を利用して長距離のフライトを経験した。座席が非常に広くて、両隣の乗客とぶつかることなくゆったりと過ごせました。フライト中、乗務員が私のリクエストをすぐに対応してくれ、食事の選択肢を変えてくれたおかげで快適に過ごせた。常に笑顔で対応してくれて、温かい気持ちになった。,S450-XLR,2025-02-09,HND-CTS,Premium Economy,True,5,3,4,3,3,4,4,4
15,24,2024-12-28,先日、久しぶりに海外旅行で羽田空港を利用しました。空港内のトイレが使用不可になっていたが、スタッフからの事前の知らせがなく、利用する際に不便だったのが残念でした。案内が不足していると感じました。飛行機に搭乗してからも残念なことが続きました。映画や音楽を楽しむ予定だったが、機内Wi-Fiが使えず全く何もできなかったのです。長時間のフライトでこれは最悪でした。しかし、機内で体調を崩してしまった際には、スタッフがすぐに温かいお茶を持ってきてくれ、回復するまでずっと見守ってくれました。海外旅行は5年ぶりで楽しみにしていただけに最初は残念な思いをしましたが、最後はとても助かりました。,E260-E3,2024-12-27,NRT-SIN,Economy Class,True,3,3,4,3,4,2,4,3
16,7,2024-12-09,先日は初めての海外旅行で緊張していたのですが、空港内での案内がとても分かりやすく、迷わずゲートに到着できました。スタッフがあらかじめ詳細な情報を提供してくれたので、安心してフライトを楽しめました。機内でもスタッフが飛行機の機内での役割をよく理解していて、いつでも頼んだことをきちんと処理してくれたので、とても快適な旅となりました。,B830-10,2024-12-08,NRT-LHR,Economy Class,True,5,4,3,3,3,4,4,4
17,78,2024-12-19,先日、家族で海外旅行に行った際、子どもの機嫌が悪くなってぐずり始めたときに、航空会社のスタッフに助けを求めたが、無視された。海外旅行は初めてで、子どもも小さかったので心配だったが、もう少し子供連れに配慮して、優しく声をかけてほしいと思った。しかし、別の便では、子どもがぐずり始めたときに、スタッフがすぐにおもちゃや絵本を持ってきてくれた。予想以上に気配りが行き届いていて、感謝している。,B845-9,2024-12-18,HND-ITM,Economy Class,True,4,3,4,3,4,3,4,3
18,51,2025-03-27,先日は海外旅行で長時間のフライトでしたが、スタッフの皆さんがいつも快適に過ごせるように気配りをしてくれていたので、長時間でも全く不快に感じなかったです。ただ、機内エンターテイメントの映像の画質が悪く、何度も再起動しないと視聴できなかったのは残念でした。飛行機内の設備管理が甘いと感じました。しかし、旅行中に予期しない問題が起こった際には、スタッフが迅速かつ適切な解決策を提案してくれて、問題がスムーズに解決したので、総合的には良いサービスだったと思います。,E190-E2X,2025-03-26,HND-CTS,Economy Class,True,4,2,4,3,4,4,4,5
19,40,2024-12-13,私は仕事でよく海外に行くが、最近は疲れが溜まっていたので、久しぶりにビジネスクラスでヨーロッパへ向かった。搭乗してまず感じたのは、思ったより機材が古かったことだ。私の足元のスペースが狭かったが、スタッフがすぐに配慮してくれ、リクライニングを調整してくれた。機内で出されたワインが非常に美味しく、フライト中にリラックスした時間を過ごせた。,B845-9,2024-12-12,HND-SFO,Economy Class,True,4,4,3,4,4,3,3,3
20,98,2024-12-05,先月、家族と一緒に海外旅行に行くために夜行便を利用しました。子供たちが機内エンターテイメントでゲームを楽しんでいたのですが、ゲームコントローラが壊れていてスタートが押せないというトラブルがありました。CAさんに報告したところ、また戻って来ますと言われたまま、なかなか対応してもらえず、結局そのままになってしまいました。ただ、機内Wi-Fiの速度は速く、フライト中でも家族と連絡を取り合うことができたので、他の点では非常に助かりました。暇つぶしに紙の安全カードを眺めていたのが記憶に残っています。,E190-E2X,2024-12-04,NRT-LHR,Premium Economy,False,3,2,4,4,3,4,3,3
21,2,2025-04-25,先月、久しぶりに海外出張でアメリカに行くことになり、会社のメンバーと一緒に成田からシカゴへ向かうフライトを利用しました。私はオンライン会議を多用するため、機内でのインターネット接続を事前に手配していたのですが、接続も遅く、途中で切れることもあり、非常に使いづらかったです。フライト中の仕事に支障をきたしました。ただ、座席のリクエストをした際、スタッフが快く対応してくれたおかげで、飛行機内での時間が非常に快適だったので、プロフェッショナルな接客には満足しました。,E260-E3,2025-04-24,NRT-CDG,Business Class,True,3,3,3,3,4,3,4,3
22,37,2024-11-19,先月、久しぶりに海外旅行でアメリカに行ってきた。仕事の都合で、プレエコのチケットを取った。映画を楽しみにしていたが、スクリーン解像度が荒く、字幕がぼやけて読めず目が痛い。途中でギブアップしてスマホ読書に切り替えたが、照明が暗くて頭痛がした。しかし、他の便では、映像の画質が非常に高く、映画を最高の状態で楽しめた。機内設備は便によりけりなんだなと実感した。,A390-100,2024-11-18,NRT-LHR,Business Class,True,3,5,3,3,3,3,3,4
23,72,2024-11-27,私は普段から仕事の関係で頻繁に海外出張しています。最近は特にアジア圏への移動が多く、今回もシンガポールへ行ってきました。利用した航空会社は初めてでしたが、とても快適なフライトでした。インターネットがすぐに使え、旅行中に調べ物や仕事ができたのでストレスなくフライト時間を有効に活用できて満足。機内で提供されるエンタメコンテンツが多岐にわたり、毎回違った映画や番組を楽しめました。機内食も美味しかったです。,S360-TP,2024-11-26,HND-SFO,Economy Class,True,5,5,4,3,3,4,4,3
24,95,2025-02-11,先日は久しぶりに海外旅行で日本からフランスのパリへ行きました。10時間以上のフライトで心配だったのが機内での過ごしやすさですが、座席が新しくて清潔感があり、長時間座っても不快感がありませんでした。機内エンターテイメントも楽しみにしていたのですが、映画を選ぶ際にジャンルごとに絞り込む機能がないので、見たい映画を探すのに時間がかかりすぎました。,B905-12,2025-02-10,NRT-CDG,Business Class,True,4,2,3,3,3,4,4,3
25,22,2025-02-28,私は仕事でよく海外に行くので、年に数回は航空サービスを利用します。最近利用した際、シートの肘掛けが硬くて、長時間のフライトでは腕が痛くなりました。しかし、機内サービスは大変良かったです。飲み物のサービスを頼んだ際、飲み物が目の前に現れたとき、スタッフは非常にフレンドリーで、私の名前まで呼んでくれた。気配りが素晴らしかった。,E260-E3,2025-02-27,HND-SFO,Business Class,True,4,4,3,3,4,4,4,3
26,36,2025-02-22,私は普段から仕事で月に5本も飛行機を利用する常連です。最近、海外出張で乗り継ぎを伴う長い旅がありました。合計4フライトすべてでBricksを利用したのですが、エンターテイメントのラインナップが全便同じだったので、とても退屈に感じました。映画や音楽の選択肢が豊富ならまだしも、同じコンテンツが繰り返されるのは期待外れでした。また、現地情報のコーナーがあまり役に立ちませんでした。すでにネットで調べた内容とほとんど変わらず、旅行前に必要な情報を得るという点ではあまり有益ではありませんでした。,A425-900,2025-02-21,HND-ITM,Premium Economy,False,2,2,3,3,4,4,3,3
27,35,2025-04-02,先日初めて海外旅行で海外航空のビジネスクラスを利用しました。普段はあまり旅行をしないので、ビジネスクラスを利用できるチケットを取ってみました。隣の席が非常に近く、リラックスして座れませんでした。もっとスペースを広げてほしいです。機内で提供された飲み物が温かったのも残念でした。暖かい飲み物をお願いしたのに、冷めたコーヒーが出てきてがっかりしました。さらに、座席が前後に動かなくて足元が窮屈で苦痛でした。改善が必要です。,A450-800,2025-04-01,NRT-LHR,Business Class,False,2,3,3,2,4,3,3,3
28,73,2025-05-04,今回の旅行は3週間前に予約しましたが、飛行機内でWi-Fiを使って、旅行のプランを立てたり、現地の観光情報を調べたりできて非常に便利だったので、次回も利用したいと思いました。また、機内エンタメのゲームが面白く、暇な時間を楽しく過ごせました。もっとたくさんのゲームをプレイしたいです。しかし、価格が高い割に、サービスの質が低く、最終的には高い料金を支払うことが無駄に思えたのが残念でした。,S360-TP,2025-05-03,HND-ITM,First Class,False,4,5,4,3,1,4,4,3
29,77,2025-01-03,最近リモートワークを始めたので、移動中に仕事ができるのは本当に助かる。今回のフライトでもWi-Fi接続がスムーズで、ストレスなく作業を進められたのはありがたかった。しかし、料金が高い割に提供されるアメニティが非常に基本的で、もっと高品質なサービスを提供すべきだと感じた。価格に見合ったサービスを提供されると思っていたが、実際には不便な点が目立ち、サービス内容に満足できなかった。,S360-TP,2025-01-02,NRT-SIN,Business Class,False,3,3,3,3,3,4,3,3
30,103,2025-01-04,私は普段から海外旅行を楽しんでおり、最近も家族と一緒に初めて訪れるヨーロッパへ行ってきました。長距離のフライトだったので、機内での過ごし方には特に気を配りました。まず、機内エンタメの音声が途切れがちで、映画に集中できませんでした。改善をお願いしたいです。しかし、機内食については事前にリクエストをしていたのですが、スタッフはしっかり覚えていて、私が希望した食事を提供してくれました。こうした配慮が本当にありがたかったです。,B812-6,2025-01-03,NRT-LHR,Premium Economy,True,4,2,3,4,4,4,4,4
31,30,2024-11-19,最近海外旅行に行った際、飛行機内でソーシャルメディアをチェックしながら、旅行先の情報を調べるのにWi-Fiがすぐに繋がり、非常に便利だった。普段から仕事で海外出張も多く、機内でのインターネット環境は必須だと思っているので、これは大変助かった。しかし、チケット代が高いが、その分の価値が感じられないのが正直な感想だ。次回は価格に見合うだけのサービスを求めたい。,A470-900,2024-11-18,NRT-LHR,Premium Economy,True,3,4,4,4,3,4,4,3
32,107,2025-02-15,先日利用した航空サービスは期待外れだった。飛行機の揺れがひどくて不安だったが、スタッフがしっかりとサポートしてくれて安心して過ごせたのは良かった。私は普段から出張で海外に行くことが多く、今回も重要な商談が控えていたので、機内でしっかりと準備をしようと思っていた。しかし、価格が高いにも関わらず、機内Wi-Fiが遅くて使い物にならなかったのは残念だった。結局、ネットを使えずに商談の準備ができなかった。さらに、座席で提供された食事はフレッシュさが感じられず、まるでホテルのバンケット料理のようなものだった。,B845-9,2025-02-14,HND-ITM,Premium Economy,False,3,4,3,2,3,2,4,3
33,23,2024-12-26,先日は初めてのヨーロッパ旅行で、期待と不安が入り混じっていました。私は普段あまり海外旅行に行く機会がないので、事前にいろいろと調べていたのですが、まず空港での移動手段に困りました。タクシーサービスを利用しようと思っていたのに、手配ミスでかなり長時間待つことになってしまい、スタッフの方の対応もあまり親切ではなかったので、結局別の手段で移動しました。飛行機の中では、子供が退屈そうにしていたので、機内エンターテイメントに期待したのですが、ゲームがあまり面白くなくて残念でした。もっと面白いゲームがあればよかったなと思います。一方で、現地の情報が載った冊子がとても役に立ちました。観光地やレストランの情報が豊富で、旅行の計画がより充実したものになりました。,A390-100,2024-12-25,HND-SFO,Economy Class,False,3,2,3,3,3,4,3,3
34,108,2025-03-30,今回初めてビジネスクラスを利用したが、値段が高かったが、サービスの質が高く、映画やゲームなどのエンタメが非常に充実していたので満足した。長時間の待機中、スタッフがラウンジのサービスをしっかりと説明してくれて、快適な時間を過ごせた。ドリンクも豊富で、リラックスできた。料金が高いが、それに見合った優れたサービスが提供され、フライト全体が快適だった。私は普段仕事で海外に行くことが多いが、今回のフライトでまた利用したいと思った。,A450-800,2025-03-29,HND-CTS,Business Class,True,5,3,4,3,4,3,3,4
35,8,2024-11-19,最近ベトナムへの出張が増えており、毎回同じ航空会社を利用している。先日の帰りもいつものように利用したが、あまり良い気分では帰って来れなかった。旅行中、初めての場所に行くため不安だったが、空港のスタッフの冷たい対応でさらに不安が募った。笑顔一つ見せず、案内も不十分だったため、空港での待ち時間が不愉快だった。機内ではドキュメンタリーを観て疲れを癒やそうとしたが、ラインナップが全て2年前と同じで、余計に疲れた。空港に着いてからも仕事をしなければならず、仕事に欠かせない空港のWi-Fiを利用したが、非常に遅くスムーズに仕事ができなかった。スタッフに改善を促したが、改善の意欲は見られなかった。,A390-100,2024-11-18,HND-ITM,Economy Class,False,1,2,3,3,4,4,4,3
36,96,2024-12-01,先日、海外旅行でプレミアムエコノミーでフライトを利用しました。高い料金を払ったが、その分の価値が十分に感じられた。特に快適な座席と質の高いサービスに満足していました。しかし、機内で突如として隣の席の人が体調不良を訴えたが、スタッフの対応が遅すぎた。迅速に対応してほしいのに、声をかけても全く焦らず、何度も確認してからしか動いてくれなかった。非常に不安な時間だった。,S360-TP,2024-11-30,HND-ITM,Premium Economy,False,4,3,3,4,5,3,1,4
37,46,2025-01-09,最近、家族で海外旅行に行くために、プレミアムエコノミーで飛行機を利用しました。私は普段から仕事が忙しく、リラックスできる時間がなかなか取れないので、このフライトでは特にラウンジを楽しみにしていました。しかし、ラウンジ内のテーブルが汚れており、飲み物のカップもそのまま放置されている状態で、少し残念でした。スタッフに報告しましたが、対応が遅く、不快な思いをしたことは否めません。その後のフライトでは、機内食が本当に美味しくて驚きました。フライト中にこんなにリラックスできるとは思っていなかったので、少し救われました。しかし、離陸直後に揺れが激しくなり、機内スタッフが何も指示を出さなかったので、乗客は不安そうに過ごしていました。パニックに陥りそうな状況で、もっと冷静で確実な対応を期待していたので、そこは少し残念でした。,B830-10,2025-01-08,NRT-CDG,Economy Class,False,3,4,4,5,3,3,1,3
38,79,2025-02-26,先日は出張でBricks Airwaysを利用しました。東京からニューヨークまでの長いフライトでしたが、機内で観た映画が非常に面白く、退屈しらずでした。価格に見合った素晴らしい体験を提供してくれたと思います。座席の広さやサービスが全て素晴らしく、快適なフライトだったので、次回もBricks Airwaysを利用したいです。,B905-12,2025-02-25,HND-ITM,Premium Economy,True,5,3,4,3,4,4,3,3
39,93,2024-12-16,先日は初めて海外旅行でこの航空会社を利用しました。普段は出張で国内線をよく利用しますが、久しぶりの海外旅行で楽しみにしていたので、サービスに期待をしていました。搭乗前にちょっとした心配事があったので、事前にカスタマーサポートに電話をしました。対応は丁寧で、問題もすぐに解決してくれたので安心してフライトを楽しむことができました。機内は思っていたより広々としていて、座席のヘッドレストが高くて、首の疲れを軽減できたのが良かったです。エンタメが充実しており、最新の映画や音楽が楽しめるので、長時間のフライトもあっという間に感じました。他の航空会社と比べても、エンタメの充実度は非常に高く、非常に便利でした。次回も利用したいと思いました。ただし、トイレの清掃が不十分で、使用後に不快な思いをしたのは残念でした。空港のスタッフが清掃の頻度をもっと増やすべきだと感じました。全体としては、快適なフライトを楽しむことができ、次回も利用するつもりです。,E190-E2X,2024-12-15,HND-SFO,Business Class,True,4,5,3,3,4,3,4,3
40,15,2024-11-18,私は普段から仕事で海外出張することが多く、最近は特にアジア方面へのフライトを利用しています。最新のプロジェクトでシンガポールへの出張が決まり、早速航空券を手配しました。搭乗したフライトでは、機内食の温かさとフレッシュさが完璧で、こんなに美味しい料理をフライト中に食べられることに驚きました。乗務員が細かいところまで気を配ってくれ、映画を観るために快適な場所に座れるようにサポートしてくれたので、とてもリラックスしてフライトを楽しむことができました。,E260-E3,2024-11-17,NRT-CDG,Business Class,True,5,3,4,5,4,3,3,4
41,82,2025-03-13,今回初めて利用したこの航空会社は、全体的に期待していたサービスとは異なりました。まず、座席が古くてあまり清潔感がありませんでした。座ったときにちょっとした不快感があり、さらにリクライニングもほとんど倒れずリラックスできませんでした。改善を強く希望します。一方で、空港内で小さな問題が発生した際、スタッフがすぐに気づいて声をかけてくれたことは感動的で、安心感を得ることができました。,B905-12,2025-03-12,NRT-CDG,First Class,True,3,3,3,3,4,4,4,4
42,65,2025-04-17,私は普段あまり海外旅行に行く機会がないので、今回は贅沢にビジネスクラスでロサンゼルスへ行きました。高額な料金を支払ったにもかかわらず、機内食やサービスに不満があり、全体的にコスパが悪いと感じました。しかしフライト中にオンラインで映画を観たかったが、Wi-Fiの接続がとても速く快適に視聴でき、長時間のフライトでも全く問題ありませんでした。,E180-E2,2025-04-16,HND-CTS,Economy Class,False,4,4,4,3,3,5,4,3
43,73,2025-04-14,先日は海外赴任先から家族に会うために利用しました。座席の後ろに座っていた乗客が体調不良になった際、スタッフがすぐに動き出し、冷静に適切な対応をしたので私も安心して過ごせました。しかし他の航空会社に比べて料金が高いにも関わらず、サービスのクオリティが低いと感じたため、次回はもっとコスパの良い航空会社を選ぶかもしれません。実際、高額な料金を支払った割には、座席の快適さも中途半端で、他の航空会社と大差なく、コスパが悪かったです。,S385-TP,2025-04-12,HND-LHR,First Class,False,3,3,3,4,3,4,5,3
44,41,2025-03-24,最近、海外旅行でよく飛行機を利用するようになった。特に国際線は長時間になることが多いので、機内でのサービスはとても重要だ。先日利用した航空会社では、機内食の選択肢が豊富で、いろんな国の料理を楽しめたのが嬉しかった。フライト中に異文化を味わうことができ、旅行のワクワク感がさらに高まった。しかし、エンターテイメントに関しては少し残念な点があった。映画を楽しもうと思ったが、英語字幕が不完全で、ストーリーを十分に理解できなかった。字幕の品質をもっと向上させてほしい。,A430-200,2025-03-23,NRT-LHR,Premium Economy,True,4,3,3,4,3,3,3,3
45,54,2024-12-12,先日は初めて海外旅行でアメリカへ行きました。普段は仕事で忙しいので、長距離フライトは大変疲れるのですが、今回利用した航空サービスはとても快適でした。機内のWi-Fi接続が非常に安定していて、快適に映画や動画を楽しめました。次回も利用したいです。機内食も良かったです。飲み物の種類が多く、どれも美味しくてリフレッシュできました。特に機内でのフルーツジュースはとても美味しかったです。,E260-E3,2024-12-11,HND-LHR,Premium Economy,True,5,5,4,3,4,4,3,4
46,104,2025-04-23,先日、60代の父を伴う家族旅行で飛行機を利用しました。機内エンターテイメントの操作が難しく、メニューもアイコンも小さくて読みにくかったため、父は操作を諦めて窓側で腕組みをしていました。残りのフライト時間があと8時間もあると言うと、ため息をつかれていました。また、コンテンツの読み込みが非常に遅く、乗り物酔いしていた私は、待たされるのが辛かったです。,E180-E2,2025-04-22,HND-SFO,Economy Class,False,2,2,4,4,3,3,3,4
47,10,2025-03-23,最近、海外旅行で長時間のフライトを利用しました。私は仕事の関係で頻繁に海外を訪れるため、機内での快適さは非常に重要です。今回のフライトでは、機内食が単調で同じメニューが繰り返し出されて飽きてしまいました。もっとバラエティに富んだメニューが欲しいと思いました。また、長時間座っていると座席が硬く感じられ、腰が痛くなりました。しかし、フライト後に空港スタッフが私の荷物を早急に手配してくれて、他の乗客と比べてスムーズに荷物を受け取ることができました。スタッフの気配りが素晴らしかったです。,A390-100,2025-03-22,HND-SFO,Economy Class,False,3,4,1,3,3,4,4,4
48,70,2025-02-08,私は年に数回海外旅行をするのが趣味で、今回も友人との久しぶりの再会のためにヨーロッパへ向かいました。搭乗した航空会社は初めてでしたが、座席のシートが温かく、寒さを感じることなく過ごせました。すごくありがたかったです。ただ、長時間フライトで何度も飲み物をお願いしたにも関わらず、やっと持ってきた飲み物が冷たすぎて、結局飲めなかった。サービスのクオリティに一貫性がないと感じました。また、機内食が思った以上に脂っこく、消化に時間がかかってフライト後も気分が優れなかったので、もっと軽めのメニューが欲しいと思いました。,A430-200,2025-02-07,NRT-LHR,Business Class,False,4,3,3,3,3,4,3,4
49,69,2025-04-14,今回のロンドンへの出張では、初めてこちらの航空会社のサービスを利用しました。長い出張で疲れを少しでも軽減したかったので、高額ではありましたが満足できるサービスを期待してこの航空会社を選びました。実際、機内の快適さと食事、飲み物の質はとても良かったです。高額なチケット代でも十分に納得できるサービスでした。しかし、食事の準備が遅く、ずっと待たされたのは残念でした。長時間フライトの中で、この待機時間がストレスになってしまいました。,S360-TP,2025-04-13,HND-CTS,Economy Class,True,4,4,3,3,4,3,4,3
50,109,2025-02-16,私は家族でアメリカへの旅行を計画し、快適なフライトを期待してこの航空会社を選びました。チケット代は少し高めでしたが、座席の広さやエンタメの質の高さに期待していました。実際、搭乗してみると期待以上の快適さで、特に座席の広さとエンタメの質は他の航空会社とは一線を画していました。映画や音楽を楽しみながらリラックスできたので、長距離フライトもあっという間に感じました。また、機内でのサービスも行き届いており、スタッフの対応も非常に親切でした。特に、機内のトイレで急に子どもが不安そうになったとき、スタッフがすぐに駆け寄り、優しく声をかけてくれたのは印象的でした。素晴らしい対応に感謝しています。,E180-E2,2025-02-15,NRT-CDG,Premium Economy,True,5,4,4,3,3,3,4,3
51,11,2025-04-01,最近、海外旅行で長時間のフライトを利用しました。私は普段からSNSを頻繁に更新するので、フライト中もWi-Fiが安定していて助かりました。SNSや映画を観るのに困ることなく過ごせたのは非常に便利でした。また、機内食のサラダが新鮮で美味しかったです。食事が軽くて健康的で、長時間のフライトでも体が楽だったので、快適に過ごすことができました。しかし、旅行先で荷物が届かなかった時は空港スタッフに問い合わせたものの、返答が遅く、手続きも煩雑で、結局荷物が届くまでの数日間、非常に不便な思いをしました。,S450-XLR,2025-03-31,NRT-CDG,Economy Class,True,4,3,4,4,4,4,4,2
52,52,2024-12-18,最近、家族で海外旅行に行くために、久しぶりにこの航空会社を利用しました。事前に機内食を注文していたのですが、届いた食事がメニューにないものだったのでがっかりしました。スタッフは特にお詫びもなく無言で去って行ったので、せっかく楽しみにしていた食事が台無しになり、とても残念だった。しかし、提供された食事自体はヘルシーで消化に優しいもので、フライト中も快適に過ごすことができました。ただ、長時間座っていると背中が痛くなりました。背もたれの角度が調整できなかったので、少し不満でした。,A392-300,2024-12-17,HND-SFO,First Class,False,3,4,3,4,4,3,2,4
53,29,2025-05-05,最近、仕事で海外出張が増えたので、効率よく仕事をするために、航空会社のプレミアムエコノミーを利用した。乗客に対してフレンドリーな対応をしてほしかったが、何度も頼みごとをすると、明らかに不快そうな顔をされて返答が遅かった。出張中にフライト時間を有効活用しようと思っていたが、Wi-Fi接続が不安定で、仕事が全く進まなかった。コストを払ったのに、あんなに使えないネット接続はあり得ない。さらに、シートの音量がバラバラで、快適に映画を楽しめなかった。,B905-12,2025-05-04,NRT-CDG,Premium Economy,False,2,2,4,4,3,1,3,3
54,84,2024-12-15,私は家族でよく海外旅行に行くのですが、最近はコロナ禍での規制が緩和されたこともあり、久しぶりに海外旅行を楽しんできました。利用した航空会社は以前も利用したことがあり、機内食も美味しかったので期待していたのですが、残念な点がいくつかありました。まず、機内の広告が多すぎて、映画を楽しんでいる最中でも何度も中断されてストレスでした。また、フライト中、飲み物のサービスをお願いしたが、スタッフが何度も通り過ぎてしまい、最終的に自分でカートまで取りに行く羽目になった。搭乗客数に対して十分な人数がいたはずなのに、どうしてこんなに対応が遅いのか理解できなかった。,S410-XLR,2024-12-14,HND-SFO,Business Class,False,2,2,4,3,4,4,3,3
55,78,2024-12-31,今回初めてビジネスクラスを利用したが、高い料金を払った価値があり、快適な座席、優れたサービス、そして美味しい食事に満足した。料金が高かったが、その分だけ快適さが充実しており、全体的に大満足のフライトだった。私は普段あまり海外旅行をしないので、贅沢な時間を楽しんだ。長時間のフライトで、機内食を楽しみにしていたが、食事の量が少なく、物足りなかった。もう少しボリュームが欲しい。,B905-12,2024-12-30,NRT-CDG,First Class,True,4,4,3,3,5,3,4,3
56,19,2025-03-27,友人の結婚式に出席するために、久しぶりに海外へ旅行しました。約10時間の長距離フライトでしたが、機内エンタメの選択肢が豊富で、最新の映画やドラマ、音楽などを楽しむことができ、退屈せずに過ごすことができました。しかし、座席に着いたところ、シートカバーが汚れていたので少し残念でした。もっと清潔に保って欲しいと思います。,A450-800,2025-03-26,NRT-CDG,Premium Economy,True,4,5,3,4,4,4,4,3
57,44,2025-01-05,先日、家族で海外旅行に行った際、利用した航空会社のサービスに感動しました。機内エンターテイメントで子ども向けのアニメーション映画が充実しており、子どもが機内で退屈することなく過ごせました。映像が美しく、映画館で観るような臨場感を楽しめました。素晴らしい体験です。しかし、飛行中に気流の乱れがあり、緊急の対応が必要だった際に、スタッフが指示を出してくれず、周囲の乗客が混乱していた。スタッフはもっと冷静に指導してくれるべきだった。,A470-900,2025-01-04,NRT-CDG,Premium Economy,True,4,5,4,4,4,3,1,3
58,76,2024-11-21,私は普段あまり海外旅行に行く機会がないのですが、たまたま仕事でアメリカに行くことになり、評判の良いこの航空会社を利用しました。初めての海外旅行で不安もありましたが、空港内の案内所での対応が非常に親切で、私の質問に丁寧に答えてくれたので安心して旅行を進められました。料金は少し高いと感じましたが、機内サービスや座席の快適さ、エンタメが素晴らしく、全体的に非常に満足しました。,A390-100,2024-11-20,NRT-CDG,Premium Economy,True,5,3,4,4,4,3,4,3
59,85,2025-02-13,先日利用したビジネスクラスの機内食が非常にシンプルで、期待外れだった。もっと豪華なメニューを提供してほしい。私は普段から仕事で海外出張することが多く、ビジネスクラスを利用する機会が多いが、今回のフライトでは高い料金に見合ったサービスが期待できなかった。特にフライト中の快適さが不足していて、価格に見合わないと感じた。,A425-900,2025-02-12,NRT-SIN,Economy Class,False,2,4,3,1,3,4,3,3
60,58,2025-03-07,最近、家族で海外旅行に行くために航空会社を利用しました。私は仕事の関係で時差の関係でなかなか寝付けないことが多く、フライト中にリラックスできるサービスがあると嬉しいと思っていました。機内Wi-Fiが快適で、フライト中の暇つぶしにピッタリだったので、次回のフライトもぜひ使いたいと思いました。また、音楽のプレイリストが豊富で、リラックスできる時間を提供してくれました。次回も楽しみにしています。しかし、荷物を受け取る際、他の乗客との混雑でぶつかり合いがありましたが、スタッフは対応せず、誰も問題を解決しなかったので、もっと注意深く運営してほしいと思いました。,B830-10,2025-03-06,HND-LHR,Premium Economy,True,4,3,3,3,4,3,3,3
61,83,2025-04-27,私は普段から出張で海外に行くことが多い。先日もアジアの某国へ行くため、利用する航空会社のチェックインカウンターへ向かった。タクシーサービスで、スタッフが迅速に手配してくれて、空港から目的地まで快適に移動できた。非常に便利だった。空港に到着すると、手荷物預けの際、スタッフが笑顔で対応してくれて、そのまま気持ちよく飛行機に向かうことができた。こうした接客が本当に大切だと思った。,A392-300,2025-04-26,HND-ITM,Business Class,True,5,4,3,4,4,4,3,4
62,67,2025-03-23,先日利用した際、事前に食事のアレルギー対応を頼んだのに、アレルギー物質が含まれているものが出されてしまった。安全性をもっと重視してほしい。あと機内は長時間座っているので身体に負担がかかるが、シートベルトが短くて身動きが取りづらかった。もっと余裕が欲しいです。私は普段から海外旅行をしており、年に数回は飛行機を利用します。,A450-800,2025-03-22,HND-SFO,Business Class,False,2,3,2,1,3,3,3,3
63,3,2025-03-02,最近、家族で海外旅行に行くために高額な航空券を購入した。飛行機内でのエンタメが古く、全体的に料金に見合う価値がないと感じたが、提供された機内食は非常に軽く、消化に負担をかけず、フライト後も快適に過ごすことができた。,S385-TP,2025-03-01,NRT-LHR,First Class,False,3,4,4,4,2,4,3,3
64,57,2025-04-27,最近家族で飛行機を利用しました。息子はアニメ好きで機内エンターテイメントを楽しみにしていましたが、最新アニメがシーズン1の第1話だけだったことにがっかりしていました。私自身は重要なメールを送るために機内Wi-Fiを利用しようとしたのですが、接続が悪くてうまく送れませんでした。残念でした。機内食は家族みんなで楽しみにしていたのですが、子ども向けのメニューが予想以上に美味しくて、子どもたちも大満足でした。,A430-200,2025-04-26,HND-SFO,Business Class,False,3,2,3,4,4,2,3,4
65,49,2025-02-03,先日は家族で海外旅行に行くため、プレミアムエコノミーでフライトしました。子供が騒がしくて周りに気を遣ったのですが、空港内の清掃が行き届いており、快適に過ごせた。スタッフがすぐに気づき、テーブルを整理してくれるなど、細やかな気配りが感じられた。また長時間のフライトでも座席がしっかりサポートしてくれて、快適に過ごせました。,A470-900,2025-02-02,HND-LHR,Premium Economy,True,5,4,4,3,4,3,3,3
66,94,2025-04-16,私は仕事でよく飛行機を利用します。最近、ある航空会社の便を利用した際、座席の快適さに驚きました。長時間座っていても腰が痛くならず、非常に快適でした。もっとこういう座席を増やしてほしいです。一方で、飛行機の中でネットを使う予定だったのですが、接続が遅く、ほとんど何もできませんでした。この点についてはサービスの向上を期待しています。,B845-9,2025-04-15,HND-SFO,Economy Class,True,4,4,5,3,4,3,4,4
67,89,2024-11-21,最近、海外旅行で高級航空会社を利用したんです。チケット代はかなり高額でしたが、提供されるサービスが基本的なものであり、料金に見合った価値が感じられなかったのが残念でした。特に、座席の間に物が多すぎて、足を伸ばすスペースがありませんでした。料金に見合ったサービスではなく、特にフライト中のサービスが粗末で、期待していた価値が得られなかったです。,S410-XLR,2024-11-20,HND-ITM,First Class,False,2,4,2,3,3,4,3,4
68,111,2024-11-18,私は仕事でよく海外に行くため、航空会社はBricks Airwaysをよく利用します。先日のフライトでも利用しましたが、機内エンタメコンテンツは選択肢が多すぎて逆に迷ってしまいます。シンプルに選びやすくしてほしいです。フライト中は何度も飲み物を頼んだが、毎回遅れてやってきたので、せっかくリラックスしていたのにストレスが増してしまいました。,E260-E3,2024-11-17,NRT-CDG,Business Class,False,3,3,4,4,3,3,3,3
69,99,2025-02-04,先日利用した航空サービスは残念なことが続きました。まず、予定していたフライトが遅れ、空港で長時間待機することになってしまいました。しかし、スタッフはなかなか案内を出さず、他の航空会社の方がはるかに適切に対応していたので、違和感を感じました。さらに、機内エンタメのコンテンツに日本語のものが少なく、英語が苦手な私には全く楽しめませんでした。搭乗中もスタッフが忙しすぎるのか、笑顔や配慮を全く感じられなかったです。忙しい中でも最低限の礼儀や気配りをしてほしいと思いました。私は普段から海外旅行をよくするのですが、今回は特にがっかりでした。,B830-10,2025-02-03,NRT-SIN,Premium Economy,False,1,2,3,4,4,4,3,3
70,81,2025-01-01,最近、家族で海外旅行に行くために貴社の航空会社を利用しました。普段から仕事で海外出張も多く、貴社のサービスは利用頻度が高いのですが、今回は残念な思いをしました。まず、機内でのWi-Fiサービスがつながらず、急ぎのビジネスメールを送信するのに大きな問題が生じました。仕事柄、メールは常にチェックしているので、つながらないと非常に困ります。さらに、家族旅行で長時間のフライトだったので、機内食に期待していたのですが、食事が味気なく、子どもがほとんど食べませんでした。もっと子ども向けのメニューが充実していれば助かったのですが、残念でした。,S450-XLR,2024-12-31,HND-CTS,First Class,False,2,4,4,3,4,2,3,3
71,28,2025-01-22,先日は長時間のフライトでした。座席が広くて快適に過ごせましたし、足元のスペースも十分に確保されていて良かったです。ただ、映画を楽しみにしていたのですが、飛行中の12時間のうちに途中で音声が左チャンネルだけになり臨場感が全くなくなってしまいました。ヘッドホンを交換しても改善されなかったので、結局映画を諦めて寝返りを打ち続けた結果、腰を痛めてしまいました。,E180-E2,2025-01-21,NRT-CDG,First Class,False,3,2,4,3,3,3,4,4
72,27,2025-05-08,私は普段あまり海外旅行に行く機会がないのですが、今回初めてヨーロッパに行くことになり、ワクワクしながら成田空港に向かいました。初めての空港で少し不安だったのですが、空港のスタッフが非常に親切で、スムーズに案内してくれました。わかりやすく、迅速に対応してくれたので、安心してフライトを楽しむことができました。機内では、機内Wi-Fiの接続速度が早く、動画や音楽のストリーミングが途切れず楽しめました。快適なフライトを満喫でき、大満足の旅行となりました。,A430-200,2025-05-07,NRT-SIN,Business Class,True,5,4,3,4,3,4,4,4
73,5,2025-04-01,私は普段から仕事で海外出張することが多く、最近もアメリカへの長時間フライトを利用しました。座席が狭くて長時間のフライトがとても辛かったです。隣の人とぶつかってしまい、快適ではありませんでした。フライト中は機内のWi-Fiに接続して仕事の資料をチェックしていたのですが、知らないうちに接続が切れて、動画のストリーミングが途切れてしまいました。サービスの安定性が欠けていると感じました。,B845-9,2025-03-31,NRT-LHR,Premium Economy,False,2,2,1,4,4,3,3,3
74,52,2025-02-25,先日利用した航空サービスは残念な点が多かった。価格に対して期待したよりもサービスがシンプルで、支払った金額に見合った価値が提供されなかった。長時間のフライトで座席に座っていると肩が凝りやすかった。もっと快適なシートにしてほしい。また、機内エンターテイメントの字幕が小さくて視覚的に非常に疲れた。もう少し大きくしてほしい。私は普段から仕事で頻繁に飛行機を利用しているが、今回の体験は特に不満が残った。,A450-800,2025-02-24,HND-CTS,First Class,False,2,2,2,3,3,4,4,3
75,75,2024-11-25,先日利用した航空サービスが残念な出来でした。隣の席の乗客がトラブルを起こしていた際、スタッフの対応が非常に遅かったです。もう少し迅速で効果的な対応をしてほしかったです。フライト中の安全は最優先であるべきだと思います。私自身は問題なく過ごせたものの、赤ちゃん連れの家族が大変そうでした。特に赤ちゃん用の食事が無くて、子どもが空腹で泣き続ける羽目に。子ども向けのメニューがあるともっと楽になるのにと思いました。そもそも高い料金を払った割には特別なサービスが提供されず、非常にがっかりしました。,A430-200,2024-11-24,HND-SFO,Premium Economy,False,2,3,3,2,2,4,1,4
76,63,2025-02-14,先日利用した航空会社のサービスについて思うところがあったので書きます。まず、羽田からLAへのフライトの際、機内で前の席の男性がひじ掛けをめいっぱい広げて座っていたので、席を移動できないかと思いスタッフに頼んだのですが、全く協力的でなく、むしろ面倒くさそうに応対していたのが残念でした。航空会社としてのプロフェッショナリズムを感じられませんでした。一方、LAからの帰りのフライトはシートピッチが広く、足を伸ばして座ることができたので、快適に過ごせました。ただ、セキュリティチェックで何度も並ばされ、待機時間が長く、乗り継ぎ時間がギリギリになってしまったのはストレスでした。スタッフはあまり手際よく動かず、もっとスムーズな運営を望みます。私はLAで留学していたので、この路線は頻繁に利用していました。,A470-900,2025-02-13,NRT-LHR,First Class,False,3,4,4,4,3,4,3,3
77,60,2024-11-13,私は仕事でよく海外に行くので、航空会社を頻繁に利用します。最近、ある航空会社のビジネスクラスを利用しました。ビジネスクラスで提供された食事は、まるでレストランで食べるようなクオリティだった。見た目も美しく、食べるのが楽しみだった。しかし、隣の席との間隔が狭く、他の乗客との接触が気になりました。もう少しスペースが欲しいです。長時間のフライトで疲れましたが、食事の満足感で多少は救われました。,A450-800,2024-11-12,NRT-LHR,Economy Class,True,4,4,2,5,3,3,3,4
78,48,2024-11-22,私は普段、仕事の関係で南米と日本を頻繁に往復しています。最近、成田までのフライトを利用しました。残念ながら、サービスにいくつか不満がありました。まず、他の航空会社と比較してもWi-Fiが最悪だった。接続中に切れてしまい、仕事が全然進まなかった。さらに、温かい飲み物をリクエストしたのに、冷めた飲み物を提供されたことにかなり驚いた。長時間のフライトでは機内エンターテイメントも楽しみにしていたが、南米から成田までの15時間、スクリーンが真っ暗のままで、相談しても満席で席の移動は無理との一点張りで、支払った金額を返して欲しいと思った。,S385-TP,2024-11-21,HND-SFO,Premium Economy,False,1,1,4,1,4,1,4,3
79,13,2025-03-23,"海外赴任中のアメリカ人ビジネスマンとして、ロサンゼルスから東京までの長距離フライトを利用したレビューを想像しました。

今回利用した航空会社のシートはとても快適で、リクライニング角度も広く、休憩中は横になってくつろぐことができました。しかし、Wi-Fi接続が非常に遅く、仕事をするどころか、ネットサーフィンさえもままなりませんでした。フライト時間を無駄に過ごした気分になりました。それでも、高いチケット代に見合うリラックスできる環境を提供してくれる航空会社だと感じました。",S450-XLR,2025-03-22,NRT-SIN,Premium Economy,True,4,4,5,3,3,3,3,4
80,97,2025-01-24,先日、久しぶりに海外旅行で長距離便を利用しました。子供の頃から海外旅行が好きで年に数回は利用していますが、最近は長時間のフライトで腰が痛くなることが多くなってきてしまいました。座席に座っていると、どうも腰が痛くなります。もっと体に優しいデザインにしてほしいと思いました。実際、シートピッチが狭すぎて足が窮屈でした。もっと広い席にして欲しいです。しかし、機内食がとても美味しく、特にデザートが絶品だったので、辛い思いも我慢できました。飛行機の中でこんなに満足した食事を食べたのは初めてです。,A425-900,2025-01-23,NRT-CDG,First Class,True,4,3,3,5,3,3,4,4
81,2,2025-02-11,私は普段あまり海外旅行に行く機会がないのですが、貯金を頑張ってついに初めての海外旅行でアジアの某国に来ました。楽しみにしていたフライトだったのですが、荷物を受け取る際、破損しているのを発見。スタッフに伝えたが、謝罪すらなく、何の補償もなかったので非常に失望しました。機内ではいろんな作品を見ようと思っていたのに、ディスプレイのタッチパネルが反応せず、せっかくの旅行が残念なものになってしまいました。,S360-TP,2025-02-10,HND-LHR,Premium Economy,False,2,1,3,3,4,3,4,1
82,47,2025-01-23,最近、家族でアメリカに旅行に行くために、航空会社を利用しました。私は仕事が忙しく、なかなかまとまった休みが取れなかったので、今回の旅行は妻と子供たちにとって、とても楽しみにしていたイベントでした。私は長時間のフライトになることを覚悟していましたが、実際搭乗してみると、食事が思ってたより美味しかったです。量もちょうど良く満たされました。しかし、フライト中に隣の乗客が子供に対して注意を促すよう私に依頼してきました。その乗客に何か問題があった時に、スタッフが無関心な態度を取っていた。問題が解決するまで何も手を貸してくれず、無言で座っているだけだった。機内スタッフにはもう少し責任感を持ってほしいと思いました。,B905-12,2025-01-22,NRT-SIN,Business Class,False,4,3,3,4,3,4,2,4
83,59,2025-04-13,私は普段、海外のクライアントとのやり取りが多く、移動中も仕事をすることが多い。最近利用した航空会社では、機内でWi-Fi接続が途中で切れてしまい、作業が進まなかった。お金を払って利用する価値が全く感じられなかった。一方、機内の飲み物サービスは非常に良かった。スタッフがこまめに水やお茶を提供してくれたおかげで、長時間のフライトでも喉が乾くことがなかった。サービスには満足しているだけに、ネット環境の改善を期待したい。,S450-XLR,2025-04-12,HND-CTS,Premium Economy,True,3,4,3,3,3,2,4,3
84,61,2025-03-01,ニューヨークへの一人旅で深夜便を利用したが、寝付けず映画を観ようとしたら、途中で再生が止まり最初からになってしまい、結局6時間ひたすら時計を見て過ごした。しかし飛行機内にはリモートワークで使えるWi-Fiがあり、仕事の進捗が非常に良かった。空港内ではちょっとした質問をした際、スタッフがとても親切に教えてくれ、わかりやすい案内と優しい態度に安心できた。,B845-9,2025-02-28,NRT-LHR,Business Class,True,4,1,3,3,3,4,3,3
85,70,2025-02-05,最近海外旅行でよく飛行機を利用するようになった。先月は仕事でアメリカに行ったが、その時乗った飛行機の機内Wi-Fiがあまりにも遅く、せっかくの旅行中に重要な情報を探すことができなかった。お金を払う意味がなかった。同じ便で乗り合わせた友人は映画を観ていたが、映像が壊れていて、音声と合わず楽しめないと言っていた。設備の整備が必要です。しかし、今回のフライトではWi-Fi接続が非常にスムーズで、フライト中も仕事が進められて助かった。特にプログラミングをしていたので、スピーディな接続は重要だった。,E180-E2,2025-02-04,NRT-LHR,Economy Class,True,5,1,3,4,3,3,3,4
86,17,2024-11-14,先月、久しぶりに海外旅行でアメリカに行くために、こちらの航空会社を利用しました。私は身長が高いので、機内での座席の快適さには特に気を遣います。搭乗した機材はさらに広い足元スペースがあり、足を完全に伸ばせてリラックスできました。機内エンターテイメントも楽しみにしていたのですが、短時間でも接続が切れるので、オンラインで映画を観ることができず、非常に不満だった。せっかくの旅行の気分を盛り上げてくれるサービスを期待していただけに残念でした。総合的には快適なフライトでしたが、次回も利用したいです。,A390-100,2024-11-13,HND-LHR,Business Class,True,4,3,5,3,4,3,4,4
87,12,2025-04-29,最近、海外旅行で長時間のフライトを利用しました。私は普段から運動をしているので、座席の快適さには特に気を遣っています。でも、足元が狭すぎて、長時間のフライトではかなり窮屈に感じました。改善が必要です。食事のメニューも気を使っていて、ダイエット中なので低カロリーの食事を頼んだのですが、提供された食事が全く低カロリーでなく、選択肢の無さに失望しました。しかし、機内サービスは概ね良好で、飲み物のサービスがとても迅速でした。乾ききった喉にちょうど良いタイミングで冷たい水が届き、とても良かったです。,E180-E2,2025-04-28,NRT-CDG,Premium Economy,True,3,4,1,2,4,4,4,4
88,38,2025-02-15,先月、久しぶりに海外旅行でアメリカに行ってきました。私は普段から仕事でパソコン作業が多いため、飛行機の中でも仕事をするために、航空会社のサイトで事前にWi-Fiサービスの利用を申し込んでおきました。しかし、いざ飛行機に乗りWi-Fiを使おうと思ったら、全く使えず。機内での数時間の滞在時間を有効に使おうと思っていたのに、時間を無駄にしただけでなく、疲れも倍増してしまいました。さらに、機内食を事前予約していたのですが、食事を頼んだ時、私のアレルギーについて尋ねられることなく、アレルゲンが含まれているものが出されてしまいました。アレルギー反応が出てしまい、とても残念な思いをしました。もっと配慮が必要だと感じました。,B830-10,2025-02-14,HND-CTS,Economy Class,False,1,3,3,3,3,1,2,3
89,90,2024-11-26,孫の大学入学を祝ってハワイに連れて行ってあげることにしたの。孫は喜んでくれたけど、親元を離れて一人暮らしをすると思うと心配で仕方ないわ。長距離のフライトになるけど、座席のスペースが広く、隣の乗客との接触が少なくて非常に快適でした。孫と一緒に過ごす時間も大切だけど、フライト中も仕事をしたいと考えていたの。幸いなことに、長時間のフライト中、Wi-Fiが安定していて快適に過ごせたわ。次回もWi-Fiを使用して仕事をしたいと思った。でも、前のフライトでは飛行機内でネットが使えないと、孫と連絡が取れないので困ったわ。旅行中にWi-Fiを利用したいと思っていたのに、接続が全然ダメだった。今回快適にネットが使えて本当に助かった。,B812-6,2024-11-25,HND-CTS,Premium Economy,True,5,4,4,3,3,4,3,3
90,25,2025-02-02,家族と一緒に海外旅行へ出かけた。フライト中に子どもたちが退屈しないようにWi-Fiを使いたかったが、接続が遅くて全く役に立たなかった。旅行の重要な部分が台無しになった。しかし、帰りのフライトでは機内Wi-Fiが非常にスムーズで、途中で切れることなく、フライトの間中ずっと快適にインターネットを使えた。さらに、機内食を注文した際、スタッフが食事の温度や配膳に気を使ってくれて、どんな細かな要望にも対応してくれた。,S385-TP,2025-02-01,HND-ITM,Economy Class,True,4,4,4,4,3,3,4,3
91,37,2025-01-03,先日初めて利用した国際線の機内エンターテイメントは自分のNetflixアカウントと連携でき、家で観ているような感覚で映画を楽しめました。非常に便利でした。また、座席の肘掛けが調整可能で、自分の座り方に合わせて使えるのが良かったです。しかし、映像が常にカクカクしていて快適に視聴できませんでした。長時間のフライトで楽しみにしていただけに残念でした。改善の余地ありです。,A392-300,2025-01-02,NRT-SIN,Economy Class,True,3,5,3,4,4,3,3,3
92,86,2025-04-14,先日は海外旅行で長時間のフライトでした。子供が騒いで周りに迷惑をかけないか心配でしたが、快適なサービスのおかげで安心して過ごせました。機内で観た映画が、家で観るよりも圧倒的に高画質で、まるで映画館にいるような気分になりました。リクライニングが心地よく、映画を見ながらリラックスできました。非常に快適でした。高い料金でも、それだけの価値があるサービスが提供された。長時間のフライトでも快適に過ごせた。,E180-E2,2025-04-13,NRT-CDG,Premium Economy,True,5,5,5,3,4,4,3,3
93,50,2025-01-26,私は普段あまり海外旅行に行く機会がないので、久しぶりの海外旅行で楽しみにしていました。目的地までは長時間のフライトとなるため、少し不安もありましたが、実際搭乗してみると、長時間の待機中、スタッフが気配りを見せ、飲み物のサービスをしてくれた。少しの配慮が大きな安心感に繋がった。しかし、座席のリクライニングがスムーズでなく、身体に負担がかかりました。,B830-10,2025-01-25,HND-ITM,Economy Class,True,4,4,3,3,4,4,4,3
94,33,2024-11-24,先日利用した航空サービスが最悪でした。まず、座席のタッチスクリーンが全く反応せず、何度も試す羽目に。これではエンタメどころではありません。さらに機内で食事をした際、隣の席の乗客に食事をこぼしてしまい、スタッフはすぐに助けてくれるかと思ったが、対応が遅く、その後も謝罪やフォローは一切なし。出された機内食も冷たくて硬く、まるで予算を削った感じがして非常に不愉快だった。問題が解決した後のスタッフの態度にも不満が残りました。私は普段から仕事で頻繁に飛行機を利用しますが、こんなに不満を感じたのは初めてです。,A425-900,2024-11-23,NRT-CDG,Economy Class,False,1,2,3,3,3,3,3,4
95,55,2024-12-18,先月、久しぶりに海外旅行を楽しむためにこの航空会社を利用しました。私は普段あまりお酒を飲まないのですが、長距離のフライトで喉が乾いてしまい、フライト中に何度も飲み物を頼んだのですが、なかなか届かず、乾いた喉を我慢する羽目になりました。サービスが遅くて不快だったです。しかし、座席が柔らかくリクライニングもスムーズで、映画を観るのに最適な環境だったので、長時間のフライトでも疲れを感じませんでした。実際、座席のクッションが柔らかく、長時間でも疲れにくかったです。次回もこの航空会社を選びたいです。,E180-E2,2024-12-17,HND-LHR,Premium Economy,True,4,3,4,2,4,4,3,3
96,1,2024-12-07,"私は家族と一緒に海外旅行に行くために、初めてこの航空会社の飛行機を利用しました。私は普段から映画鑑賞を趣味としており、長距離のフライトではいつも機内エンターテイメントを利用しています。ところが、今回は映画を途中で止めてしまったことがあり、再開したときに前の場所に戻らないという問題に遭遇しました。これは非常に不便で、ストーリーを思い出すのに時間がかかりました。

しかし、機内でのWi-Fiが快適に利用できたおかげで、映画鑑賞やネットサーフィンがとても楽しめました。私は機内で提供されているコンテンツ以外にも、自分の好きな映画をストリーミングで視聴することができました。また、家族とのコミュニケーションもWi-Fiのおかげでスムーズに行うことができました。旅行中、家族と動画通話をしたかったのですが、Wi-Fi接続がとても快適で、ずっと繋がっていられたので、安心して楽しむことができました。快適な機内Wi-Fiは、長距離フライトのストレスを大幅に軽減してくれました。",A425-900,2024-12-06,NRT-SIN,Business Class,True,4,2,3,4,4,4,4,4
97,16,2025-04-08,最近、仕事でシンガポールに行く機会があり、初めてこの航空会社のビジネスクラスを利用しました。普段はエコノミークラスで我慢していますが、今回は特別にアップグレードしていただいたので期待していました。まず、足元に十分なスペースがあり、フライト中も足を自由に動かすことができて快適でした。しかし、Wi-Fiの質が悪すぎて、オンラインでの仕事が全くできなかった。あの値段を払った意味がなかった。また、私が座席で寝ていたとき、スタッフが私の足元を無理やり通ろうとして、非常に不快に感じた。少しの気配りや声掛けがあれば、もっと快適に過ごせたはず。,B845-9,2025-04-07,NRT-LHR,Premium Economy,False,3,4,3,4,3,2,3,3
98,26,2025-04-13,私は普段あまり海外旅行に行く機会がないのですが、たまたま仕事でロンドンに行くことになり、久しぶりに海外旅行を楽しみに搭乗しました。機内エンタテイメントのインターフェースが直感的で使いやすく、ストレスなく映画や音楽を選べました。映画も新作が多くて大満足。お腹が空いたので機内食を楽しみにしていたら、飛行機で提供される食事がこんなにおいしいとは思わなかった。特にスープは温かくてホッとする味で、心まで温まった。到着まであっという間で、とても快適なフライトでした。,B812-6,2025-04-12,NRT-LHR,First Class,True,5,5,4,4,4,3,3,3
99,110,2025-05-06,私は普段から海外旅行によく出かける。今回もロンドンへの出張で利用した。搭乗したクラスはエコノミークラスだったが、背もたれが調整可能で、自分に合った角度にできるので非常に快適だった。機内エンターテイメントも楽しみにしていたが、ミュージックチャンネルで邦楽が1アルバムだけ、後は聞いたことのないインディーズばかりで、結局ホワイトノイズを流して寝るしかなかった。,A390-100,2025-05-05,NRT-SIN,Premium Economy,True,4,2,4,4,3,4,3,3
100,34,2025-03-13,先日初めてシドニーに行く機会があり、海外の空港で迷ったところをスタッフの方が親切に案内してくれました。とても助かりました。シドニーから日本へのフライトでは残念ながらオーダーにミスが目立ち、食事や飲み物の提供に時間がかかりました。何度も注文を取ったり提供したりするたびに間違えていたので、少しの工夫で改善できると思いました。,A392-300,2025-03-12,NRT-CDG,First Class,True,3,3,4,3,4,3,3,4
101,45,2025-02-05,最近、海外旅行で長時間のフライトが続きました。私は夜行便を利用したのですが、まず予約したWi-Fiサービスが機能せず、代わりにオフラインの時間を過ごすことを余儀なくされました。夜中に画面を暗くして眠ろうとしても、周囲からの光漏れが酷くて気になってしまい、結局ライトを消してしまいました。読書灯も故障していたので、完全に暇な時間が続きました。,B905-12,2025-02-04,HND-CTS,Economy Class,False,2,2,3,4,4,1,3,3
102,80,2025-03-28,先日は初めてのヨーロッパ旅行で、プレミアムエコノミークラスを利用しました。高い料金を支払っただけあって、機内食やドリンクのクオリティが非常に良かったです。食事の量もちょうど良く、何も足りないと感じることなく、フライトを楽しむことができました。しかし、到着後のVIPラウンジは予想以上に混雑しており、席はいっぱいで、スタッフが座席の案内をしてくれなかったので、長時間立っているしかなく、疲れた。,S410-XLR,2025-03-27,HND-LHR,Premium Economy,True,4,3,4,3,4,4,3,3
103,18,2024-12-28,私は普段仕事で海外出張することが多く、今回もアジアの某国へ向かうため、こちらの航空会社の長時間フライトを利用しました。フライト中、何度も飲み物や食事をお願いしたが、スタッフはどんなリクエストにも笑顔で応じてくれ、非常にありがたかった。クッション性のあるシートで、座り心地が非常に良かった。リラックスして過ごせました。せっかくの長時間フライトだったので、機内Wi-Fiに接続して映画でも見ようと思ったが、Wi-Fiがすぐに切れてしまって、せっかくの長時間フライトで映画を楽しむことができなかった。値段に見合ったサービスではなかった。,B812-6,2024-12-27,HND-SFO,Premium Economy,False,4,3,4,4,3,3,4,4
104,66,2024-12-10,最近、海外赴任が決まったばかりで、頻繁に海外に行く必要が出てきた。初めてのフライトでちょっと緊張していたけど、事前に特別食をリクエストしておいたので期待していた。しかし、到着してみると注文が漏れていたようで、空港スタッフにクレームを入れたが、対応が遅くて不満が残った。一方で、機内Wi-Fiが思ったより速くて驚いた。仕事の合間にリモート会議にも参加できたし、フライト中にも関わらずかなり効率的に過ごすことができたのは良かった。,A450-800,2024-12-09,HND-SFO,First Class,False,3,3,4,3,3,4,4,3
105,24,2024-11-22,先日は海外出張で羽田からシンガポールへ向かう飛行機を利用しました。私は普段から健康に気を遣っているので、事前に機内食のメニューもチェックしていたのですが、提供された食事がとてもヘルシーで、フライト中に体調が良く、ずっと元気に過ごせた。こんな食事が提供されるなんて素晴らしい。ただ、機内食が冷めていて食べる気が失せた。飛行機でこんなに不味い食事を食べるのは初めてだった。でも機内はインターネット接続が速く、ビジネスでの打ち合わせをスムーズにこなすことができたので非常に便利だった。,S410-XLR,2024-11-21,HND-CTS,Economy Class,False,4,4,3,3,4,4,4,4
106,71,2025-01-12,私は普段から仕事で海外出張することが多く、最近もアジアへのフライトを利用しました。搭乗してまず感じたのは、機内の温度が思ったより低かったことです。ブランケットをお願いしたのですが、スタッフがすぐに持ってきてくれませんでした。何度かお願いして、やっと届いたのはフライトの終盤になってからでした。寒い中待つのは辛かったです。しかし、乗務員の方々は出発前に安全確認をしっかりと行ってくれ、飛行中も状況を適切にアナウンスしてくれたので、非常に安心して過ごすことができました。,E190-E2X,2025-01-11,NRT-LHR,Premium Economy,False,3,3,3,4,3,4,3,3
107,68,2025-04-16,深夜発のシンガポール便を利用しました。スタッフの対応が早く、乗り継ぎの案内も親切で、非常にスムーズに移動できました。余計なストレスを感じることなく、目的地に到着できました。ただ、フライト前に子ども用にダウンロードした映画が再生不可だったのは残念でした。キッズ向けチャンネルは英語吹替のみで、5歳の子どもが飽きて椅子を蹴り始め、ひどい状態になってしまいました。また、席が硬くて、何時間も座っているのが苦痛でした。もっとクッション性のある座席がいいと思いました。,A470-900,2025-04-15,NRT-LHR,Economy Class,True,4,2,3,3,4,4,3,4
108,102,2025-01-28,最近、海外旅行で長時間のフライトを利用しました。私は普段からよく旅行するので、快適な機内サービスには敏感です。今回のフライトでは、機内食を楽しみにしていたのですが、提供された食事は量が少なく、すぐにまたお腹が空いてしまいました。値段が高い割に食事のクオリティが低いと感じ、全体的なコストパフォーマンスに疑問を持ちました。また、客室乗務員が話しかけてくれた際、質問に対する回答があまり親切でなかったように感じました。自分の要望をしっかりと聞いてくれれば、より安心できたと思います。,A425-900,2025-01-27,HND-ITM,Business Class,False,2,3,3,3,2,3,3,4
109,20,2025-05-08,最近、海外旅行で成田からパリまで飛行機を利用しました。私は足の長いほうなので、足元が広い席を事前にリクエストしておきました。実際、足元が広く、移動も楽だったため、他の乗客のことを気にせずにリラックスできました。ただ、チェックイン時、スタッフが私のフライト時間を誤って伝え、その結果、搭乗ゲートに到着した際に慌ててしまいました。もっと正確な情報を提供してほしいと思いました。全体的に見ると、価格が高くて、サービスや座席の快適さがそれに見合わなかったように感じました。支払った金額が無駄に思えたのが残念です。,E260-E3,2025-05-07,NRT-LHR,Premium Economy,False,3,4,4,3,4,3,3,3
110,88,2024-11-26,最近、左手に不自由な部分が出てきてしまい、普段の生活でも不便を感じることが増えてきました。そんな中、友人の結婚式に出席するために航空会社を利用しました。搭乗した機内で、リモコン一体型のスクリーンを操作しようとしたのですが、左手の不自由さゆえに操作が困難で、バリアフリー設計がまるで考慮されていないと感じました。一方で、フライト中には数回、飲み物や食事を注文しましたが、どれもタイミング良く提供され、サービスが素晴らしいと感じました。,B905-12,2024-11-25,NRT-LHR,Economy Class,True,3,1,4,3,4,3,4,3
111,59,2025-04-26,先日は初めて海外旅行でアメリカへ行きました。普段あまり海外に行く機会がないので、楽しみにしていた分期待も高かったのですが、機内のスタッフがやたらと無愛想で、何かお願いするたびに不機嫌そうな顔をされて嫌な思いをしたのが残念でした。航空会社として、もう少し笑顔と心遣いを大事にしてほしいと思いました。一方で、高額なチケット代に見合うだけの価値はありました。サービス、座席、食事、全てが素晴らしく、Wi-Fiも安定していたので、飛行機内でも友達とゲームをしたり、映画を観たりと、退屈せずに過ごせました。次回も利用したいと思います。,B830-10,2025-04-25,NRT-LHR,Premium Economy,True,4,4,4,3,5,4,3,3
112,100,2025-01-26,先日は海外赴任先から帰国する際、利用しました。フライト中に重要な資料をオンラインで確認したかったが、Wi-Fiがスムーズに繋がり、何の問題もなく作業を進められた。すごく便利だった。機内での食事を選ぶ際、スタッフが親切にアレルギーについて尋ねてくれ、食事の選択肢を変えてくれた。非常に安心感があり、心地よかった。次回も利用したいです。,B812-6,2025-01-25,HND-LHR,Premium Economy,True,5,4,3,3,3,4,4,3
113,42,2025-04-21,先日は海外旅行で長時間のフライトを利用しました。ビジネスマンとして頻繁に海外出張する身としては、快適な機内サービスを期待していたのですが、残念な点がいくつかありました。料金が高い割に、座席の広さやリクライニングの機能に不満があり、長時間のフライトには不向きだと思いました。また、機内エンターテイメントも期待していたのですが、ゲームのバリエーションが少なすぎて、飽きてしまいました。もっと多様なゲームを提供してほしいです。,A430-200,2025-04-20,HND-CTS,Business Class,False,2,3,3,4,3,4,4,3
114,39,2025-03-08,最近海外出張で航空会社を頻繁に利用しています。先日は乗り継ぎの際に空港内の案内所が夜間に閉まっていたため、問題が発生しても対応してもらえなかったのが残念でした。乗り継ぎで困った際にもスタッフは何もしてくれなかったので、少し不満が残りました。一方で機内での映画鑑賞は楽しかったです。途中で再生を止めても、再開時にスムーズに前の位置に戻るので使いやすかったです。ただ、海外出張の際には現地情報、特に移動手段やレストラン情報があまり参考になるものがなく、もっと現地の便利情報を増やしてほしいと思いました。,A392-300,2025-03-07,HND-ITM,First Class,False,3,5,4,3,3,3,3,3
115,53,2025-03-23,先日利用した航空サービスは残念なことが続きました。事前にオンラインチェックインをしていたにも関わらず、カウンターでの手続きに時間がかかり、結局フライトのギリギリになってしまいました。待機している間、スタッフは誰も状況を説明してくれなかったので、とてもストレスを感じました。搭乗した後のシートも古臭く感じられ、もっとモダンで快適なものにしてほしいと思いました。フライト中には飲み物を注文しましたが、なかなか持ってきてもらえず、かなりの時間乾ききってしまい不快でした。私は頻繁にビジネスで海外を訪れるため、こういった点は特に気になります。改善を期待しています。,A450-800,2025-03-22,HND-LHR,Premium Economy,False,2,4,2,3,3,3,4,3
116,106,2024-11-28,先月、久しぶりに海外旅行でシンガポールへ行った。初めて使うチャンギ国際空港で、乗り継ぎの手続きに戸惑い迷子になりそうになったが、親切な空港スタッフの助けもあり、無事に目的地に辿り着くことができた。すごく助かりました。飛行機の中では、写真整理をしようとUSB充電ポートにタブレットを接続したが通電せず、バッテリー切れ。さらに機内Wi-Fiも遅く作業できず、結局11時間のフライトはほぼ無為に過ぎた。,B830-10,2024-11-27,NRT-LHR,Premium Economy,False,3,2,4,3,3,3,4,4
117,14,2025-03-01,先日は海外旅行で初めてこちらの航空会社を利用しました。普段は出張で短距離移動が多いのですが、久しぶりの海外旅行で楽しみにしていた分、少し残念な点もありました。料金が高いわりに、サービスやエンタメの質が低く、次回は価格重視で別の航空会社を選ぶかもしれません。ただ、フライトが長かったので、食事が3回しっかり提供されて、お腹いっぱいになり、快適に過ごせたのは良かったです。大きな空港で案内板が分かりにくく、スタッフに尋ねても曖昧な返事しかもらえなかったのは残念で、結果的に、出発ゲートに到着するのがギリギリになってしまいました。,S410-XLR,2025-02-28,NRT-LHR,Economy Class,True,3,3,4,4,4,4,3,2
118,32,2025-03-05,最近、家族で海外旅行に行くために利用しました。キッズ向けコンテンツが少なく、大人向けのものばかりで子どもが退屈していました。もっと多様化してほしいです。ただ、シートの前後に比較的余裕があって快適でした。航空機なので完璧ではないものの、他社より良いです。次回もぜひ利用したいです。ただ、価格に対してサービスが過剰にシンプルで、他の低価格の航空会社と比較しても大差がないと感じました。,B845-9,2025-03-04,HND-LHR,Business Class,True,4,2,3,4,3,4,3,3
119,101,2025-01-15,先月、家族で海外旅行に行った際、長時間のフライトで子供が飽きないようにと、プレミアムエコノミーを予約した。接続したはいいが、映画を観るどころか、ウェブページを開くことすらできなかった。何のためにお金を払ったのか疑問。しかし、帰りの飛行機ではブラウザ上でのストリーミングがスムーズで、何も気にせず映画を楽しむことができました。,A430-200,2025-01-14,HND-CTS,Economy Class,True,3,5,3,4,4,1,4,3
120,91,2025-03-30,最近、家族と一緒に海外旅行をした時のことだ。私は今月で40歳になる。妻と子供2人、4人家族での初めての海外旅行だった。フライトの途中、なんとスタッフが自分の誕生日を祝ってくれた。ケーキとシャンパンを持ってきてくれたことにとても感激した。家族もとても喜んでくれて、いい思い出になった。旅行後、空港に到着した際も、荷物受け取りのスタッフが素早く手続きをしてくれ、あっという間に荷物を受け取ることができた。非常にストレスの少ない体験だった。,E260-E3,2025-03-29,HND-CTS,Economy Class,True,5,3,4,3,3,4,5,5
121,62,2025-02-13,私は普段あまり海外に行く機会がないのですが、たまたま仕事でアメリカに行くことになり、初めての海外旅行でワクワクしていました。搭乗した航空会社は初めて利用する会社だったので、どんなサービスを受けることができるのか楽しみにしていました。搭乗してまず感じたのは機内食の美味しさです。食事が美味しく、量も十分だったので、長時間フライトの疲れも和らぎました。料金は高かったですが、その分、サービスが素晴らしく、非常に満足できました。価格に見合った価値が提供されていたと思います。,S360-TP,2025-02-12,NRT-LHR,Economy Class,True,5,4,4,4,5,4,3,3
122,52,2025-02-20,私は普段からよく海外旅行をするが、最近はこの航空会社を利用している。映画だけでなく、現地情報や天気予報も表示されていて、旅行先の準備がしやすかった。しかし、長距離のフライトだったにも関わらず、出発からかなりの時間が経っても食事が提供されず、結局降りる寸前に出されて、急いで食べる羽目になった。もっと計画的に出してほしい。,S450-XLR,2025-02-19,HND-LHR,Premium Economy,True,4,5,3,3,3,4,3,3
123,87,2025-01-17,先日、久しぶりに海外旅行でアメリカへ行ってきました。普段あまり映画を観ない私ですが、10時間以上の長距離フライトの間は、フライト中に映画を見ようとしたけれど、Wi-Fiが途切れがちで何度も再接続を試みたものの、全然うまくいきませんでした。Wi-Fiの質が低すぎて、快適に過ごしたかっただけなのにストレスが溜まりました。せっかくの旅行で機内食を楽しみにしていたので、事前にベジタリアン用の機内食を予約していたのですが、普通の機内食が提供され、さらにスタッフが謝罪するどころか、面倒臭そうに対応されました。そんなミスがあっても、もう少し親切に対応してほしかったです。,A390-100,2025-01-16,NRT-CDG,Premium Economy,False,1,4,4,4,3,2,2,3
124,6,2024-11-27,先日は初めて海外旅行でシンガポールへ行きました。普段は家族で国内旅行ばかりで、海外は初めての経験でした。機内ではコンテンツ更新が遅く同じ映画ばかり見せられて飽きてしまいました。もっと新しいものを追加してほしいと思いました。料金は家族分でかなり高額になりましたが、それに見合った素晴らしいサービスと快適さを提供してもらえたのでよかったです。次回もぜひ利用したいと思いました。ただ最前列を指定したのに、空港スタッフの案内が遅く結局別の席を案内され、結果的に不便な席に座らされる羽目になってしまい残念でした。何度も確認したのに、少し残念な思いをしました。,E260-E3,2024-11-26,HND-CTS,Premium Economy,True,4,2,3,3,5,4,4,3
