review_id,user_id,review_date,review,pos_food_and_beverages_summary,pos_inflight_entertainment_summary,pos_wifi_connectivity_summary,pos_value_for_money_summary,pos_ground_service_summary,pos_cabin_staff_service_summary,pos_seat_comfort_summary,neg_food_and_beverages_summary,neg_inflight_entertainment_summary,neg_wifi_connectivity_summary,neg_value_for_money_summary,neg_ground_service_summary,neg_cabin_staff_service_summary,neg_seat_comfort_summary,flight_id,flight_date,route_id,seat_type,is_recommended,rating_overall,rating_seat_comfort,rating_cabin_staff_service,rating_ground_service,rating_value_for_money,rating_food_beverages,rating_ife,rating_wifi_connectivity
31,30,2024-11-19,最近海外旅行に行った際、飛行機内でソーシャルメディアをチェックしながら、旅行先の情報を調べるのにWi-Fiがすぐに繋がり、非常に便利だった。普段から仕事で海外出張も多く、機内でのインターネット環境は必須だと思っているので、これは大変助かった。しかし、チケット代が高いが、その分の価値が感じられないのが正直な感想だ。次回は価格に見合うだけのサービスを求めたい。,-,飛行機内でWi-Fiがすぐに繋がり、ソーシャルメディアのチェックや旅行先の情報収集が非常に便利だった。,飛行機内でWi-Fiがすぐに接続でき、ソーシャルメディアのチェックや旅行先の情報検索が非常に便利だった。,-,-,-,-,-,-,-,チケット代が高いのに見合う価値が感じられないので、次回は価格に見合うサービスを期待したい。,-,-,-,A470-900,2024-11-18,NRT-LHR,Premium Economy,True,3,4,4,4,3,4,4,3
32,107,2025-02-15,先日利用した航空サービスは期待外れだった。飛行機の揺れがひどくて不安だったが、スタッフがしっかりとサポートしてくれて安心して過ごせたのは良かった。私は普段から出張で海外に行くことが多く、今回も重要な商談が控えていたので、機内でしっかりと準備をしようと思っていた。しかし、価格が高いにも関わらず、機内Wi-Fiが遅くて使い物にならなかったのは残念だった。結局、ネットを使えずに商談の準備ができなかった。さらに、座席で提供された食事はフレッシュさが感じられず、まるでホテルのバンケット料理のようなものだった。,-,-,-,-,-,飛行機の揺れがひどくて不安だったが、スタッフがしっかりとサポートしてくれたおかげで安心して過ごせた。,-,座席で提供された食事はフレッシュさが感じられず、まるでホテルのバンケット料理のようだった。,座席で提供された食事はフレッシュさが感じられず、まるでホテルのバンケット料理のようだった。,価格が高いにも関わらず、機内Wi-Fiが遅くて使い物にならず、重要な商談の準備ができなかった。,高額な料金を支払ったにも関わらず、機内Wi-Fiが遅すぎて使用できず、商談準備ができなかったうえ、提供された食事もフレッシュさに欠けていた。,-,-,-,B845-9,2025-02-14,HND-ITM,Premium Economy,False,3,4,3,2,3,2,4,3
33,23,2024-12-26,先日は初めてのヨーロッパ旅行で、期待と不安が入り混じっていました。私は普段あまり海外旅行に行く機会がないので、事前にいろいろと調べていたのですが、まず空港での移動手段に困りました。タクシーサービスを利用しようと思っていたのに、手配ミスでかなり長時間待つことになってしまい、スタッフの方の対応もあまり親切ではなかったので、結局別の手段で移動しました。飛行機の中では、子供が退屈そうにしていたので、機内エンターテイメントに期待したのですが、ゲームがあまり面白くなくて残念でした。もっと面白いゲームがあればよかったなと思います。一方で、現地の情報が載った冊子がとても役に立ちました。観光地やレストランの情報が豊富で、旅行の計画がより充実したものになりました。,-,-,-,-,現地の情報が載った冊子は観光地やレストランの情報が豊富で、旅行計画の充実に役立ちました。,-,-,-,-,-,-,タクシーサービスの手配ミスで長時間待たされ、スタッフの対応も親切さに欠けていたため、別の移動手段を選ばざるを得なかった。,-,-,A390-100,2024-12-25,HND-SFO,Economy Class,False,3,2,3,3,3,4,3,3
34,108,2025-03-30,今回初めてビジネスクラスを利用したが、値段が高かったが、サービスの質が高く、映画やゲームなどのエンタメが非常に充実していたので満足した。長時間の待機中、スタッフがラウンジのサービスをしっかりと説明してくれて、快適な時間を過ごせた。ドリンクも豊富で、リラックスできた。料金が高いが、それに見合った優れたサービスが提供され、フライト全体が快適だった。私は普段仕事で海外に行くことが多いが、今回のフライトでまた利用したいと思った。,ドリンクが豊富に用意されており、リラックスして楽しむことができた。,映画やゲームなどが非常に充実していて満足した。,-,料金は高いものの、質の高いサービス、充実したエンターテイメント、丁寧なラウンジ案内、豊富なドリンクなど、価格に見合った優れたサービスが提供されて満足できた。,長時間の待機中、スタッフがラウンジのサービスをしっかりと説明してくれたおかげで快適な時間を過ごせ、豊富なドリンクでリラックスできました。,長時間の待機中、スタッフがラウンジのサービスをしっかりと説明してくれたおかげで快適な時間を過ごせた。,-,-,-,-,-,-,-,-,A450-800,2025-03-29,HND-CTS,Business Class,True,5,3,4,3,4,3,3,4
35,8,2024-11-19,最近ベトナムへの出張が増えており、毎回同じ航空会社を利用している。先日の帰りもいつものように利用したが、あまり良い気分では帰って来れなかった。旅行中、初めての場所に行くため不安だったが、空港のスタッフの冷たい対応でさらに不安が募った。笑顔一つ見せず、案内も不十分だったため、空港での待ち時間が不愉快だった。機内ではドキュメンタリーを観て疲れを癒やそうとしたが、ラインナップが全て2年前と同じで、余計に疲れた。空港に着いてからも仕事をしなければならず、仕事に欠かせない空港のWi-Fiを利用したが、非常に遅くスムーズに仕事ができなかった。スタッフに改善を促したが、改善の意欲は見られなかった。,-,-,-,-,-,-,-,-,-,空港のWi-Fiが非常に遅く、仕事がスムーズにできず、スタッフに改善を促しても意欲が見られなかった。,-,空港スタッフが笑顔なく冷たい対応で案内も不十分だったため待ち時間が不愉快で、空港のWi-Fiも非常に遅くスムーズに仕事ができず、改善を促しても意欲が見られなかった。,-,-,A390-100,2024-11-18,HND-ITM,Economy Class,False,1,2,3,3,4,4,4,3
36,96,2024-12-01,先日、海外旅行でプレミアムエコノミーでフライトを利用しました。高い料金を払ったが、その分の価値が十分に感じられた。特に快適な座席と質の高いサービスに満足していました。しかし、機内で突如として隣の席の人が体調不良を訴えたが、スタッフの対応が遅すぎた。迅速に対応してほしいのに、声をかけても全く焦らず、何度も確認してからしか動いてくれなかった。非常に不安な時間だった。,-,-,-,高い料金を払いましたが、快適な座席と質の高いサービスにより十分な価値を感じました。,-,-,プレミアムエコノミーの座席は非常に快適で、高い料金に見合う価値がありました。,-,-,-,-,-,隣席の乗客が体調不良を訴えた際、スタッフの対応が遅く、何度声をかけても焦る様子もなく、複数回確認してからようやく動いてくれたため、非常に不安な時間を過ごした。,-,S360-TP,2024-11-30,HND-ITM,Premium Economy,False,4,3,3,4,5,3,1,4
37,46,2025-01-09,最近、家族で海外旅行に行くために、プレミアムエコノミーで飛行機を利用しました。私は普段から仕事が忙しく、リラックスできる時間がなかなか取れないので、このフライトでは特にラウンジを楽しみにしていました。しかし、ラウンジ内のテーブルが汚れており、飲み物のカップもそのまま放置されている状態で、少し残念でした。スタッフに報告しましたが、対応が遅く、不快な思いをしたことは否めません。その後のフライトでは、機内食が本当に美味しくて驚きました。フライト中にこんなにリラックスできるとは思っていなかったので、少し救われました。しかし、離陸直後に揺れが激しくなり、機内スタッフが何も指示を出さなかったので、乗客は不安そうに過ごしていました。パニックに陥りそうな状況で、もっと冷静で確実な対応を期待していたので、そこは少し残念でした。,フライト中の機内食が予想以上に美味しく、リラックスできる時間を過ごせた。,-,-,-,-,-,-,ラウンジ内のテーブルが汚れており、飲み物のカップが放置されたままで、スタッフに報告しても対応が遅かった。,ラウンジ内のテーブルが汚れており、飲み物のカップが放置されたままで、スタッフに報告しても対応が遅かった。,-,-,ラウンジ内のテーブルが汚れており、使用済みカップが放置されていた上、スタッフに報告しても対応が遅く不快な思いをした。,離陸後の激しい揺れの際に機内スタッフから何の指示もなく、乗客が不安な思いをしたため、もっと冷静で確実な対応が欲しかった。,-,B830-10,2025-01-08,NRT-CDG,Economy Class,False,3,4,4,5,3,3,1,3
38,79,2025-02-26,先日は出張でBricks Airwaysを利用しました。東京からニューヨークまでの長いフライトでしたが、機内で観た映画が非常に面白く、退屈しらずでした。価格に見合った素晴らしい体験を提供してくれたと思います。座席の広さやサービスが全て素晴らしく、快適なフライトだったので、次回もBricks Airwaysを利用したいです。,-,長時間のフライト中に観た映画が非常に面白く、退屈せずに過ごせました。,-,料金に見合った素晴らしい体験で、座席の広さやサービスが全て素晴らしく快適なフライトでした。,-,-,座席が広く、快適なフライトを楽しむことができました。,-,-,-,-,-,-,-,B905-12,2025-02-25,HND-ITM,Premium Economy,True,5,3,4,3,4,4,3,3
39,93,2024-12-16,先日は初めて海外旅行でこの航空会社を利用しました。普段は出張で国内線をよく利用しますが、久しぶりの海外旅行で楽しみにしていたので、サービスに期待をしていました。搭乗前にちょっとした心配事があったので、事前にカスタマーサポートに電話をしました。対応は丁寧で、問題もすぐに解決してくれたので安心してフライトを楽しむことができました。機内は思っていたより広々としていて、座席のヘッドレストが高くて、首の疲れを軽減できたのが良かったです。エンタメが充実しており、最新の映画や音楽が楽しめるので、長時間のフライトもあっという間に感じました。他の航空会社と比べても、エンタメの充実度は非常に高く、非常に便利でした。次回も利用したいと思いました。ただし、トイレの清掃が不十分で、使用後に不快な思いをしたのは残念でした。空港のスタッフが清掃の頻度をもっと増やすべきだと感じました。全体としては、快適なフライトを楽しむことができ、次回も利用するつもりです。,-,最新の映画や音楽が充実しており、他社と比べても非常に高いエンタメ水準で、長時間のフライトもあっという間に感じました。,-,-,搭乗前の心配事に対して、カスタマーサポートが丁寧に対応し、問題をすぐに解決してくれたおかげで安心してフライトを楽しむことができました。,-,機内は広々としていて、座席のヘッドレストが高く首の疲れを軽減できた。,-,-,-,-,トイレの清掃が不十分で使用後に不快な思いをし、空港スタッフが清掃頻度を増やすべきだと感じた。,-,-,E190-E2X,2024-12-15,HND-SFO,Business Class,True,4,5,3,3,4,3,4,3
40,15,2024-11-18,私は普段から仕事で海外出張することが多く、最近は特にアジア方面へのフライトを利用しています。最新のプロジェクトでシンガポールへの出張が決まり、早速航空券を手配しました。搭乗したフライトでは、機内食の温かさとフレッシュさが完璧で、こんなに美味しい料理をフライト中に食べられることに驚きました。乗務員が細かいところまで気を配ってくれ、映画を観るために快適な場所に座れるようにサポートしてくれたので、とてもリラックスしてフライトを楽しむことができました。,機内食の温かさとフレッシュさが完璧で、フライト中にこれほど美味しい料理が食べられることに驚きました。,乗務員が映画を観るために快適な場所に座れるようサポートしてくれたおかげで、とてもリラックスしてフライトを楽しめました。,-,-,-,乗務員が細かいところまで気を配り、映画鑑賞に最適な座席へのサポートをしてくれたおかげで、リラックスしてフライトを楽しめました。,乗務員が映画鑑賞に適した快適な座席位置へのサポートをしてくれたおかげで、リラックスしてフライトを楽しめました。,-,-,-,-,-,-,-,E260-E3,2024-11-17,NRT-CDG,Business Class,True,5,3,4,5,4,3,3,4
111,59,2025-04-26,先日は初めて海外旅行でアメリカへ行きました。普段あまり海外に行く機会がないので、楽しみにしていた分期待も高かったのですが、機内のスタッフがやたらと無愛想で、何かお願いするたびに不機嫌そうな顔をされて嫌な思いをしたのが残念でした。航空会社として、もう少し笑顔と心遣いを大事にしてほしいと思いました。一方で、高額なチケット代に見合うだけの価値はありました。サービス、座席、食事、全てが素晴らしく、Wi-Fiも安定していたので、飛行機内でも友達とゲームをしたり、映画を観たりと、退屈せずに過ごせました。次回も利用したいと思います。,高額なチケット代に見合う素晴らしい食事が提供されました。,安定したWi-Fiのおかげで飛行機内でも友達とゲームをしたり映画を観たりでき、退屈せずに過ごせました。,Wi-Fiが安定していたので、飛行機内で友達とゲームをしたり、映画を観たりと、退屈せずに過ごせました。,高額なチケット代に見合う価値があり、サービス、座席、食事が素晴らしく、安定したWi-Fiで飛行機内でもゲームや映画を楽しめた。,-,-,高額なチケット代に見合う素晴らしい座席を提供していた。,-,-,-,-,-,機内スタッフが無愛想で、何かお願いするたびに不機嫌そうな顔をされて嫌な思いをした。,-,B830-10,2025-04-25,NRT-LHR,Premium Economy,True,4,4,4,3,5,4,3,3
112,100,2025-01-26,先日は海外赴任先から帰国する際、利用しました。フライト中に重要な資料をオンラインで確認したかったが、Wi-Fiがスムーズに繋がり、何の問題もなく作業を進められた。すごく便利だった。機内での食事を選ぶ際、スタッフが親切にアレルギーについて尋ねてくれ、食事の選択肢を変えてくれた。非常に安心感があり、心地よかった。次回も利用したいです。,スタッフがアレルギーについて親切に尋ねてくれ、食事の選択肢を変更してくれたおかげで安心感があった。,機内Wi-Fiがスムーズに接続でき、重要な資料をオンラインで問題なく確認できて便利だった。,フライト中に重要な資料をオンラインで確認する必要があったが、Wi-Fiがスムーズに接続でき、問題なく作業を進められて非常に便利だった。,-,-,機内食選択時にスタッフがアレルギーについて気遣って尋ね、食事の選択肢を変更してくれたおかげで安心感があり、心地よく過ごせました。,-,-,-,-,-,-,-,-,B812-6,2025-01-25,HND-LHR,Premium Economy,True,5,4,3,3,3,4,4,3
113,42,2025-04-21,先日は海外旅行で長時間のフライトを利用しました。ビジネスマンとして頻繁に海外出張する身としては、快適な機内サービスを期待していたのですが、残念な点がいくつかありました。料金が高い割に、座席の広さやリクライニングの機能に不満があり、長時間のフライトには不向きだと思いました。また、機内エンターテイメントも期待していたのですが、ゲームのバリエーションが少なすぎて、飽きてしまいました。もっと多様なゲームを提供してほしいです。,-,-,-,-,-,-,-,-,-,-,料金が高い割に座席の広さやリクライニング機能が不十分で、長時間フライトには不向きだった。,-,-,料金が高い割に座席の広さやリクライニング機能が不十分で、長時間フライトには不向きでした。,A430-200,2025-04-20,HND-CTS,Business Class,False,2,3,3,4,3,4,4,3
114,39,2025-03-08,最近海外出張で航空会社を頻繁に利用しています。先日は乗り継ぎの際に空港内の案内所が夜間に閉まっていたため、問題が発生しても対応してもらえなかったのが残念でした。乗り継ぎで困った際にもスタッフは何もしてくれなかったので、少し不満が残りました。一方で機内での映画鑑賞は楽しかったです。途中で再生を止めても、再開時にスムーズに前の位置に戻るので使いやすかったです。ただ、海外出張の際には現地情報、特に移動手段やレストラン情報があまり参考になるものがなく、もっと現地の便利情報を増やしてほしいと思いました。,-,映画鑑賞が楽しく、途中で再生を止めても再開時に前の位置にスムーズに戻れて使いやすかった。,-,-,-,-,-,-,-,-,-,夜間に空港内の案内所が閉まっていたため問題発生時に対応してもらえず、乗り継ぎで困った際もスタッフから何の支援も受けられなかった。,-,-,A392-300,2025-03-07,HND-ITM,First Class,False,3,5,4,3,3,3,3,3
115,53,2025-03-23,先日利用した航空サービスは残念なことが続きました。事前にオンラインチェックインをしていたにも関わらず、カウンターでの手続きに時間がかかり、結局フライトのギリギリになってしまいました。待機している間、スタッフは誰も状況を説明してくれなかったので、とてもストレスを感じました。搭乗した後のシートも古臭く感じられ、もっとモダンで快適なものにしてほしいと思いました。フライト中には飲み物を注文しましたが、なかなか持ってきてもらえず、かなりの時間乾ききってしまい不快でした。私は頻繁にビジネスで海外を訪れるため、こういった点は特に気になります。改善を期待しています。,-,-,-,-,-,-,-,飲み物を注文したのに長時間待たされ、喉が乾いて不快な思いをした。,飲み物を注文したのに長時間待たされ、喉が乾いて不快な思いをした。,-,-,オンラインチェックインをしていたのにカウンターでの手続きに時間がかかり、スタッフは待機中の状況説明をしてくれなかったため、非常にストレスを感じました。,飲み物を注文したのに長時間待たされ、非常に不快な思いをした。,シートが古臭く感じられ、もっとモダンで快適なものにしてほしい。,A450-800,2025-03-22,HND-LHR,Premium Economy,False,2,4,2,3,3,3,4,3
116,106,2024-11-28,先月、久しぶりに海外旅行でシンガポールへ行った。初めて使うチャンギ国際空港で、乗り継ぎの手続きに戸惑い迷子になりそうになったが、親切な空港スタッフの助けもあり、無事に目的地に辿り着くことができた。すごく助かりました。飛行機の中では、写真整理をしようとUSB充電ポートにタブレットを接続したが通電せず、バッテリー切れ。さらに機内Wi-Fiも遅く作業できず、結局11時間のフライトはほぼ無為に過ぎた。,-,-,-,-,迷子になりそうだったチャンギ国際空港で、親切なスタッフの助けのおかげで無事に乗り継ぎができました。,-,-,-,-,USB充電ポートが機能せず、機内Wi-Fiも遅かったため、11時間のフライト中に作業ができませんでした。,機内のUSB充電ポートが機能せず、Wi-Fiも遅かったため、11時間のフライト中に作業ができませんでした。,-,-,-,B830-10,2024-11-27,NRT-LHR,Premium Economy,False,3,2,4,3,3,3,4,4
117,14,2025-03-01,先日は海外旅行で初めてこちらの航空会社を利用しました。普段は出張で短距離移動が多いのですが、久しぶりの海外旅行で楽しみにしていた分、少し残念な点もありました。料金が高いわりに、サービスやエンタメの質が低く、次回は価格重視で別の航空会社を選ぶかもしれません。ただ、フライトが長かったので、食事が3回しっかり提供されて、お腹いっぱいになり、快適に過ごせたのは良かったです。大きな空港で案内板が分かりにくく、スタッフに尋ねても曖昧な返事しかもらえなかったのは残念で、結果的に、出発ゲートに到着するのがギリギリになってしまいました。,長時間のフライトでしたが、3回の食事がしっかり提供され、お腹いっぱいになって快適に過ごせました。,-,-,-,-,-,-,-,-,-,料金が高いわりに、サービスやエンタメの質が低く、次回は価格重視で別の航空会社を選ぶかもしれません。,大きな空港で案内板が分かりにくく、スタッフに質問しても曖昧な返事しか得られず、出発ゲートに到着するのがギリギリになってしまった。,-,-,S410-XLR,2025-02-28,NRT-LHR,Economy Class,True,3,3,4,4,4,4,3,2
118,32,2025-03-05,最近、家族で海外旅行に行くために利用しました。キッズ向けコンテンツが少なく、大人向けのものばかりで子どもが退屈していました。もっと多様化してほしいです。ただ、シートの前後に比較的余裕があって快適でした。航空機なので完璧ではないものの、他社より良いです。次回もぜひ利用したいです。ただ、価格に対してサービスが過剰にシンプルで、他の低価格の航空会社と比較しても大差がないと感じました。,-,-,-,-,-,-,シートの前後に比較的余裕があり、他社より快適に過ごせました。,-,-,-,価格に対してサービスが過剰にシンプルで、他の低価格航空会社と比較しても大差がない。,-,-,-,B845-9,2025-03-04,HND-LHR,Business Class,True,4,2,3,4,3,4,3,3
119,101,2025-01-15,先月、家族で海外旅行に行った際、長時間のフライトで子供が飽きないようにと、プレミアムエコノミーを予約した。接続したはいいが、映画を観るどころか、ウェブページを開くことすらできなかった。何のためにお金を払ったのか疑問。しかし、帰りの飛行機ではブラウザ上でのストリーミングがスムーズで、何も気にせず映画を楽しむことができました。,-,帰りの飛行機ではブラウザ上でのストリーミングがスムーズで、映画を楽しむことができました。,帰りの飛行機ではブラウザ上でのストリーミングがスムーズで、映画を楽しむことができました。,帰りの飛行機ではブラウザ上でのストリーミングがスムーズで、追加料金を払った価値がありました。,-,-,-,-,-,プレミアムエコノミーで追加料金を支払ったにもかかわらず、往路ではWi-Fi接続後にウェブページすら開けず、映画視聴ができなかった。,プレミアムエコノミーに追加料金を支払ったのに、行きの便では機内エンターテイメントシステムが機能せず、ウェブページすら開けなかった。,-,-,-,A430-200,2025-01-14,HND-CTS,Economy Class,True,3,5,3,4,4,1,4,3
120,91,2025-03-30,最近、家族と一緒に海外旅行をした時のことだ。私は今月で40歳になる。妻と子供2人、4人家族での初めての海外旅行だった。フライトの途中、なんとスタッフが自分の誕生日を祝ってくれた。ケーキとシャンパンを持ってきてくれたことにとても感激した。家族もとても喜んでくれて、いい思い出になった。旅行後、空港に到着した際も、荷物受け取りのスタッフが素早く手続きをしてくれ、あっという間に荷物を受け取ることができた。非常にストレスの少ない体験だった。,フライト中にスタッフが誕生日を祝ってケーキとシャンパンを提供してくれて、家族全員が喜び素晴らしい思い出になった。,誕生日を祝ってくれるサプライズでケーキとシャンパンを提供してくれ、家族全員が喜ぶ素晴らしい思い出になった。,-,-,空港到着時、荷物受け取りのスタッフが素早く手続きをしてくれたおかげで、あっという間に荷物を受け取ることができ、ストレスの少ない体験だった。,フライト中に誕生日を祝ってくれて、ケーキとシャンパンを提供してくれたことに感激した。,-,-,-,-,-,-,-,-,E260-E3,2025-03-29,HND-CTS,Economy Class,True,5,3,4,3,3,4,5,5
101,45,2025-02-05,最近、海外旅行で長時間のフライトが続きました。私は夜行便を利用したのですが、まず予約したWi-Fiサービスが機能せず、代わりにオフラインの時間を過ごすことを余儀なくされました。夜中に画面を暗くして眠ろうとしても、周囲からの光漏れが酷くて気になってしまい、結局ライトを消してしまいました。読書灯も故障していたので、完全に暇な時間が続きました。,-,-,-,-,-,-,-,-,-,予約したWi-Fiサービスが機能せず、オフラインで時間を過ごさざるを得なかった。,-,-,-,-,B905-12,2025-02-04,HND-CTS,Economy Class,False,2,2,3,4,4,1,3,3
102,80,2025-03-28,先日は初めてのヨーロッパ旅行で、プレミアムエコノミークラスを利用しました。高い料金を支払っただけあって、機内食やドリンクのクオリティが非常に良かったです。食事の量もちょうど良く、何も足りないと感じることなく、フライトを楽しむことができました。しかし、到着後のVIPラウンジは予想以上に混雑しており、席はいっぱいで、スタッフが座席の案内をしてくれなかったので、長時間立っているしかなく、疲れた。,プレミアムエコノミークラスの機内食とドリンクは高品質で、量もちょうど良く、何も不足なくフライトを楽しめました。,-,-,高い料金を支払った分、機内食やドリンクの質が非常に良く、量も適切で満足できた。,-,-,-,-,-,-,高い料金を支払ったのに、VIPラウンジは混雑しており、席が確保できず、スタッフからの案内もなく長時間立ち続けなければならなかった。,到着後のVIPラウンジは混雑しており、席が満席で、スタッフからの座席案内もなく、長時間立ち続けることになって疲れた。,-,-,S410-XLR,2025-03-27,HND-LHR,Premium Economy,True,4,3,4,3,4,4,3,3
103,18,2024-12-28,私は普段仕事で海外出張することが多く、今回もアジアの某国へ向かうため、こちらの航空会社の長時間フライトを利用しました。フライト中、何度も飲み物や食事をお願いしたが、スタッフはどんなリクエストにも笑顔で応じてくれ、非常にありがたかった。クッション性のあるシートで、座り心地が非常に良かった。リラックスして過ごせました。せっかくの長時間フライトだったので、機内Wi-Fiに接続して映画でも見ようと思ったが、Wi-Fiがすぐに切れてしまって、せっかくの長時間フライトで映画を楽しむことができなかった。値段に見合ったサービスではなかった。,フライト中、何度も飲み物や食事をお願いしたが、スタッフはどんなリクエストにも笑顔で応じてくれて非常にありがたかった。,-,-,-,-,スタッフはどんなリクエストにも笑顔で応じてくれ、非常にありがたかった。,クッション性のあるシートで座り心地が非常に良く、リラックスして過ごせました。,-,-,Wi-Fiがすぐに切れてしまい、長時間フライト中に映画を楽しむことができなかった。,機内Wi-Fiがすぐに切れてしまい、長時間フライトで映画を楽しめず、値段に見合ったサービスではなかった。,-,-,-,B812-6,2024-12-27,HND-SFO,Premium Economy,False,4,3,4,4,3,3,4,4
104,66,2024-12-10,最近、海外赴任が決まったばかりで、頻繁に海外に行く必要が出てきた。初めてのフライトでちょっと緊張していたけど、事前に特別食をリクエストしておいたので期待していた。しかし、到着してみると注文が漏れていたようで、空港スタッフにクレームを入れたが、対応が遅くて不満が残った。一方で、機内Wi-Fiが思ったより速くて驚いた。仕事の合間にリモート会議にも参加できたし、フライト中にも関わらずかなり効率的に過ごすことができたのは良かった。,-,機内Wi-Fiが予想以上に高速で、フライト中にリモート会議に参加でき効率的に時間を過ごせた。,機内Wi-Fiが予想以上に高速で、フライト中にリモート会議に参加でき、効率的に時間を過ごせた。,-,-,-,-,事前にリクエストした特別食が注文漏れしていて、空港スタッフの対応も遅かった。,事前にリクエストした特別食が注文漏れしていて、空港スタッフの対応も遅かった。,-,-,特別食のリクエストが漏れていたようで、空港スタッフに伝えたが対応が遅かった。,-,-,A450-800,2024-12-09,HND-SFO,First Class,False,3,3,4,3,3,4,4,3
105,24,2024-11-22,先日は海外出張で羽田からシンガポールへ向かう飛行機を利用しました。私は普段から健康に気を遣っているので、事前に機内食のメニューもチェックしていたのですが、提供された食事がとてもヘルシーで、フライト中に体調が良く、ずっと元気に過ごせた。こんな食事が提供されるなんて素晴らしい。ただ、機内食が冷めていて食べる気が失せた。飛行機でこんなに不味い食事を食べるのは初めてだった。でも機内はインターネット接続が速く、ビジネスでの打ち合わせをスムーズにこなすことができたので非常に便利だった。,機内食がとてもヘルシーで、フライト中の体調が良く元気に過ごせた。,機内のインターネット接続が速く、ビジネスでの打ち合わせをスムーズにこなせて非常に便利だった。,機内のインターネット接続が速く、ビジネスの打ち合わせをスムーズにこなせて非常に便利だった。,-,-,-,-,機内食が冷めていて不味く、飛行機で食べた中で最悪の食事だった。,機内食が冷めていて不味く、飛行機で食べた中で最悪の食事だった。,-,-,-,-,-,S410-XLR,2024-11-21,HND-CTS,Economy Class,False,4,4,3,3,4,4,4,4
106,71,2025-01-12,私は普段から仕事で海外出張することが多く、最近もアジアへのフライトを利用しました。搭乗してまず感じたのは、機内の温度が思ったより低かったことです。ブランケットをお願いしたのですが、スタッフがすぐに持ってきてくれませんでした。何度かお願いして、やっと届いたのはフライトの終盤になってからでした。寒い中待つのは辛かったです。しかし、乗務員の方々は出発前に安全確認をしっかりと行ってくれ、飛行中も状況を適切にアナウンスしてくれたので、非常に安心して過ごすことができました。,-,-,-,-,-,乗務員が出発前に安全確認をしっかり行い、飛行中も状況を適切にアナウンスしてくれたおかげで非常に安心して過ごせました。,-,-,-,-,-,-,ブランケットを何度もリクエストしたにもかかわらず、スタッフがすぐに対応せず、フライト終盤になってようやく届けられた。,-,E190-E2X,2025-01-11,NRT-LHR,Premium Economy,False,3,3,3,4,3,4,3,3
107,68,2025-04-16,深夜発のシンガポール便を利用しました。スタッフの対応が早く、乗り継ぎの案内も親切で、非常にスムーズに移動できました。余計なストレスを感じることなく、目的地に到着できました。ただ、フライト前に子ども用にダウンロードした映画が再生不可だったのは残念でした。キッズ向けチャンネルは英語吹替のみで、5歳の子どもが飽きて椅子を蹴り始め、ひどい状態になってしまいました。また、席が硬くて、何時間も座っているのが苦痛でした。もっとクッション性のある座席がいいと思いました。,-,-,-,-,スタッフの対応が早く、乗り継ぎの案内も親切だったため、非常にスムーズに移動でき、余計なストレスを感じることなく目的地に到着できました。,スタッフの対応が早く、乗り継ぎの案内も親切で、非常にスムーズに移動できました。,-,-,-,-,-,-,-,席が硬くて長時間座っていると苦痛で、もっとクッション性のある座席が必要だと感じました。,A470-900,2025-04-15,NRT-LHR,Economy Class,True,4,2,3,3,4,4,3,4
108,102,2025-01-28,最近、海外旅行で長時間のフライトを利用しました。私は普段からよく旅行するので、快適な機内サービスには敏感です。今回のフライトでは、機内食を楽しみにしていたのですが、提供された食事は量が少なく、すぐにまたお腹が空いてしまいました。値段が高い割に食事のクオリティが低いと感じ、全体的なコストパフォーマンスに疑問を持ちました。また、客室乗務員が話しかけてくれた際、質問に対する回答があまり親切でなかったように感じました。自分の要望をしっかりと聞いてくれれば、より安心できたと思います。,-,-,-,-,-,-,-,機内食は量が少なくすぐにお腹が空いてしまい、高額な料金に対して食事のクオリティが低く、コストパフォーマンスに疑問を感じた。,機内食は量が少なくすぐにお腹が空いてしまい、高額な料金に対して食事のクオリティが低く、コストパフォーマンスに疑問を感じた。,-,高額な運賃を支払ったにもかかわらず、機内食の量が少なくすぐに空腹になり、全体的なコストパフォーマンスに不満を感じました。,-,客室乗務員の対応が親切でなく、質問への回答も不十分で、自分の要望をしっかり聞いてもらえなかった。,-,A425-900,2025-01-27,HND-ITM,Business Class,False,2,3,3,3,2,3,3,4
109,20,2025-05-08,最近、海外旅行で成田からパリまで飛行機を利用しました。私は足の長いほうなので、足元が広い席を事前にリクエストしておきました。実際、足元が広く、移動も楽だったため、他の乗客のことを気にせずにリラックスできました。ただ、チェックイン時、スタッフが私のフライト時間を誤って伝え、その結果、搭乗ゲートに到着した際に慌ててしまいました。もっと正確な情報を提供してほしいと思いました。全体的に見ると、価格が高くて、サービスや座席の快適さがそれに見合わなかったように感じました。支払った金額が無駄に思えたのが残念です。,-,-,-,-,-,-,足元が広い席をリクエストしておいたおかげで、実際に足元が広く、移動も楽で、他の乗客を気にせずリラックスできました。,-,-,-,価格が高いわりに、サービスや座席の快適さが見合わず、支払った金額が無駄に感じた。,チェックイン時にスタッフがフライト時間を誤って伝えたため、搭乗ゲートで慌ててしまい、もっと正確な情報提供を望みます。,-,価格が高いわりに座席の快適さがそれに見合わず、支払った金額が無駄に感じた。,E260-E3,2025-05-07,NRT-LHR,Premium Economy,False,3,4,4,3,4,3,3,3
110,88,2024-11-26,最近、左手に不自由な部分が出てきてしまい、普段の生活でも不便を感じることが増えてきました。そんな中、友人の結婚式に出席するために航空会社を利用しました。搭乗した機内で、リモコン一体型のスクリーンを操作しようとしたのですが、左手の不自由さゆえに操作が困難で、バリアフリー設計がまるで考慮されていないと感じました。一方で、フライト中には数回、飲み物や食事を注文しましたが、どれもタイミング良く提供され、サービスが素晴らしいと感じました。,フライト中に注文した飲み物や食事はタイミング良く提供され、素晴らしいサービスだった。,-,-,-,-,フライト中に注文した飲み物や食事がタイミング良く提供され、素晴らしいと感じました。,-,-,-,-,-,-,-,-,B905-12,2024-11-25,NRT-LHR,Economy Class,True,3,1,4,3,4,3,4,3
81,2,2025-02-11,私は普段あまり海外旅行に行く機会がないのですが、貯金を頑張ってついに初めての海外旅行でアジアの某国に来ました。楽しみにしていたフライトだったのですが、荷物を受け取る際、破損しているのを発見。スタッフに伝えたが、謝罪すらなく、何の補償もなかったので非常に失望しました。機内ではいろんな作品を見ようと思っていたのに、ディスプレイのタッチパネルが反応せず、せっかくの旅行が残念なものになってしまいました。,-,-,-,-,-,-,-,-,-,-,-,荷物が破損していたのにスタッフは謝罪も補償もせず、非常に失望しました。,-,-,S360-TP,2025-02-10,HND-LHR,Premium Economy,False,2,1,3,3,4,3,4,1
82,47,2025-01-23,最近、家族でアメリカに旅行に行くために、航空会社を利用しました。私は仕事が忙しく、なかなかまとまった休みが取れなかったので、今回の旅行は妻と子供たちにとって、とても楽しみにしていたイベントでした。私は長時間のフライトになることを覚悟していましたが、実際搭乗してみると、食事が思ってたより美味しかったです。量もちょうど良く満たされました。しかし、フライト中に隣の乗客が子供に対して注意を促すよう私に依頼してきました。その乗客に何か問題があった時に、スタッフが無関心な態度を取っていた。問題が解決するまで何も手を貸してくれず、無言で座っているだけだった。機内スタッフにはもう少し責任感を持ってほしいと思いました。,機内食は予想以上に美味しく、量もちょうど良かった。,-,-,機内食が予想以上に美味しく、量も適切で満足できた。,-,-,-,-,-,-,-,-,隣の乗客とのトラブル時にスタッフが無関心な態度で、問題解決まで何の手助けもせず無言で座っているだけだった。,-,B905-12,2025-01-22,NRT-SIN,Business Class,False,4,3,3,4,3,4,2,4
83,59,2025-04-13,私は普段、海外のクライアントとのやり取りが多く、移動中も仕事をすることが多い。最近利用した航空会社では、機内でWi-Fi接続が途中で切れてしまい、作業が進まなかった。お金を払って利用する価値が全く感じられなかった。一方、機内の飲み物サービスは非常に良かった。スタッフがこまめに水やお茶を提供してくれたおかげで、長時間のフライトでも喉が乾くことがなかった。サービスには満足しているだけに、ネット環境の改善を期待したい。,スタッフがこまめに水やお茶を提供してくれたおかげで、長時間のフライトでも喉が乾くことがなかった。,-,-,-,-,スタッフがこまめに水やお茶を提供してくれたおかげで、長時間のフライトでも喉が乾くことがなかった。,-,-,-,機内Wi-Fi接続が途中で切れてしまい作業が進まず、料金を支払った価値が全く感じられなかった。,機内Wi-Fiが途中で切断され作業が進まず、料金を支払った価値が全く感じられなかった。,-,-,-,S450-XLR,2025-04-12,HND-CTS,Premium Economy,True,3,4,3,3,3,2,4,3
84,61,2025-03-01,ニューヨークへの一人旅で深夜便を利用したが、寝付けず映画を観ようとしたら、途中で再生が止まり最初からになってしまい、結局6時間ひたすら時計を見て過ごした。しかし飛行機内にはリモートワークで使えるWi-Fiがあり、仕事の進捗が非常に良かった。空港内ではちょっとした質問をした際、スタッフがとても親切に教えてくれ、わかりやすい案内と優しい態度に安心できた。,-,-,機内Wi-Fiが利用できたおかげでリモートワークの進捗が非常に良かった。,機内Wi-Fiが利用できたおかげでリモートワークの進捗が非常に良かった。,空港スタッフがちょっとした質問に対して親切に教えてくれ、わかりやすい案内と優しい態度で安心感を与えてくれました。,-,-,-,-,-,-,-,-,-,B845-9,2025-02-28,NRT-LHR,Business Class,True,4,1,3,3,3,4,3,3
85,70,2025-02-05,最近海外旅行でよく飛行機を利用するようになった。先月は仕事でアメリカに行ったが、その時乗った飛行機の機内Wi-Fiがあまりにも遅く、せっかくの旅行中に重要な情報を探すことができなかった。お金を払う意味がなかった。同じ便で乗り合わせた友人は映画を観ていたが、映像が壊れていて、音声と合わず楽しめないと言っていた。設備の整備が必要です。しかし、今回のフライトではWi-Fi接続が非常にスムーズで、フライト中も仕事が進められて助かった。特にプログラミングをしていたので、スピーディな接続は重要だった。,-,今回のフライトではWi-Fi接続が非常にスムーズで、プログラミング作業中もスピーディな接続により仕事が進められて助かった。,今回のフライトではWi-Fi接続が非常にスムーズで、プログラミング作業中もスピーディな接続のおかげで仕事が進められて助かった。,-,-,-,-,-,-,先月アメリカ行きの飛行機では、Wi-Fiが非常に遅く、重要な情報を探すことができず、料金を支払う価値がなかった。,機内Wi-Fiが非常に遅く重要な情報を探せなかったため、料金を支払う価値がなかった。,-,-,-,E180-E2,2025-02-04,NRT-LHR,Economy Class,True,5,1,3,4,3,3,3,4
86,17,2024-11-14,先月、久しぶりに海外旅行でアメリカに行くために、こちらの航空会社を利用しました。私は身長が高いので、機内での座席の快適さには特に気を遣います。搭乗した機材はさらに広い足元スペースがあり、足を完全に伸ばせてリラックスできました。機内エンターテイメントも楽しみにしていたのですが、短時間でも接続が切れるので、オンラインで映画を観ることができず、非常に不満だった。せっかくの旅行の気分を盛り上げてくれるサービスを期待していただけに残念でした。総合的には快適なフライトでしたが、次回も利用したいです。,-,-,-,-,-,-,身長が高い私でも、広い足元スペースのおかげで足を完全に伸ばしてリラックスできました。,-,-,短時間でも接続が切れるため、オンラインで映画を観ることができず、旅行気分を盛り上げるサービスが期待外れで非常に不満だった。,-,-,-,-,A390-100,2024-11-13,HND-LHR,Business Class,True,4,3,5,3,4,3,4,4
87,12,2025-04-29,最近、海外旅行で長時間のフライトを利用しました。私は普段から運動をしているので、座席の快適さには特に気を遣っています。でも、足元が狭すぎて、長時間のフライトではかなり窮屈に感じました。改善が必要です。食事のメニューも気を使っていて、ダイエット中なので低カロリーの食事を頼んだのですが、提供された食事が全く低カロリーでなく、選択肢の無さに失望しました。しかし、機内サービスは概ね良好で、飲み物のサービスがとても迅速でした。乾ききった喉にちょうど良いタイミングで冷たい水が届き、とても良かったです。,飲み物のサービスが迅速で、乾いた喉に丁度良いタイミングで冷たい水が提供された。,-,-,-,-,飲み物のサービスが迅速で、乾いた喉に丁度良いタイミングで冷たい水を提供してくれた点が非常に良かった。,-,ダイエット中に低カロリー食を頼んだのに、実際に提供された機内食は全く低カロリーではなく、選択肢の無さに失望した。,ダイエット中に低カロリー食を頼んだのに、実際に提供された機内食は全く低カロリーではなく、選択肢の無さに失望した。,-,-,-,-,足元が狭すぎて、長時間のフライトではかなり窮屈に感じました。,E180-E2,2025-04-28,NRT-CDG,Premium Economy,True,3,4,1,2,4,4,4,4
88,38,2025-02-15,先月、久しぶりに海外旅行でアメリカに行ってきました。私は普段から仕事でパソコン作業が多いため、飛行機の中でも仕事をするために、航空会社のサイトで事前にWi-Fiサービスの利用を申し込んでおきました。しかし、いざ飛行機に乗りWi-Fiを使おうと思ったら、全く使えず。機内での数時間の滞在時間を有効に使おうと思っていたのに、時間を無駄にしただけでなく、疲れも倍増してしまいました。さらに、機内食を事前予約していたのですが、食事を頼んだ時、私のアレルギーについて尋ねられることなく、アレルゲンが含まれているものが出されてしまいました。アレルギー反応が出てしまい、とても残念な思いをしました。もっと配慮が必要だと感じました。,-,-,-,-,-,-,-,事前予約した機内食で、アレルギーについて確認されず、アレルゲンを含む食事が提供されたため、アレルギー反応が出てしまった。,事前予約した機内食で、アレルギーについて確認されず、アレルゲンを含む食事が提供されたため、アレルギー反応が出てしまった。,事前に申し込んだ機内Wi-Fiが全く使えず、仕事をする予定だった数時間の飛行時間を無駄にしてしまった。,事前に申し込んだWi-Fiサービスが全く使えず、機内での時間を無駄にしてしまった。,事前予約したWi-Fiサービスが全く使えず、機内での時間を無駄にし、疲れが倍増した。,機内食を事前予約していたのに、アレルギーについて確認されることなくアレルゲンを含む食事が提供され、アレルギー反応が出てしまった。,-,B830-10,2025-02-14,HND-CTS,Economy Class,False,1,3,3,3,3,1,2,3
89,90,2024-11-26,孫の大学入学を祝ってハワイに連れて行ってあげることにしたの。孫は喜んでくれたけど、親元を離れて一人暮らしをすると思うと心配で仕方ないわ。長距離のフライトになるけど、座席のスペースが広く、隣の乗客との接触が少なくて非常に快適でした。孫と一緒に過ごす時間も大切だけど、フライト中も仕事をしたいと考えていたの。幸いなことに、長時間のフライト中、Wi-Fiが安定していて快適に過ごせたわ。次回もWi-Fiを使用して仕事をしたいと思った。でも、前のフライトでは飛行機内でネットが使えないと、孫と連絡が取れないので困ったわ。旅行中にWi-Fiを利用したいと思っていたのに、接続が全然ダメだった。今回快適にネットが使えて本当に助かった。,-,長時間のフライト中、Wi-Fiが安定していて仕事ができ、快適に過ごせました。,長時間のフライト中、Wi-Fiが安定していて仕事ができ、前回は接続できなかったのに今回は快適にネットが使えて助かった。,-,-,-,座席のスペースが広く、隣の乗客との接触が少なくて非常に快適でした。,-,-,前回のフライトでは機内Wi-Fiの接続が全然ダメで、孫と連絡が取れなくて困った。,-,-,-,-,B812-6,2024-11-25,HND-CTS,Premium Economy,True,5,4,4,3,3,4,3,3
90,25,2025-02-02,家族と一緒に海外旅行へ出かけた。フライト中に子どもたちが退屈しないようにWi-Fiを使いたかったが、接続が遅くて全く役に立たなかった。旅行の重要な部分が台無しになった。しかし、帰りのフライトでは機内Wi-Fiが非常にスムーズで、途中で切れることなく、フライトの間中ずっと快適にインターネットを使えた。さらに、機内食を注文した際、スタッフが食事の温度や配膳に気を使ってくれて、どんな細かな要望にも対応してくれた。,スタッフが食事の温度や配膳に気を配り、細かな要望にも柔軟に対応してくれた。,帰りのフライトではWi-Fiが非常にスムーズで、途中で切れることなく、フライト中ずっと快適にインターネットを使えた。,帰りのフライトでは機内Wi-Fiが非常にスムーズで、途中で切れることなく、フライト中ずっと快適にインターネットを使えた。,-,-,機内食の注文時に、スタッフが食事の温度や配膳に気を配り、細かな要望にも柔軟に対応してくれた。,-,-,-,行きのフライトでは、Wi-Fi接続が遅すぎて全く役に立たず、子どもたちが退屈せずに過ごせるはずの旅行の重要な部分が台無しになった。,往路のフライト中、Wi-Fi接続が遅すぎて全く使えず、旅行体験の重要な部分が台無しになった。,-,-,-,S385-TP,2025-02-01,HND-ITM,Economy Class,True,4,4,4,4,3,3,4,3
1,92,2025-01-09,"先日はBricks Airwaysを利用してヨーロッパへ出張に行ってきました。私は普段からジャズを好んで聴いているのですが、長距離のフライトの間はちょうどBGM代わりになると考え、機内で用意されている音楽コンテンツを楽しみにしていました。しかし、プレイリストを見ると、なんと最新K-POPと90年代ロックしかありません。静かな曲を探すのに30分ほど無駄にしてしまい、少し残念でした。

ただ、フライト中に観た映画は非常に面白く、退屈することはありませんでした。ストーリーも展開が早く、気づけばあっという間に上映が終わってしまいました。機内エンターテイメントの充実度は高く評価できる点だと思います。次回も機会があればBricks Airwaysを利用したいと考えています。",-,映画は非常に面白く展開が早かったため退屈せず、全体的なエンターテイメントの充実度は高く評価できる。,-,-,-,-,-,-,-,-,-,-,-,-,A470-900,2025-01-08,HND-ITM,Economy Class,True,4,5,4,3,3,3,4,4
2,21,2025-01-12,先日は初めての海外旅行で緊張していたのですが、空港のラウンジで、スタッフが非常に快適に過ごせるように配慮してくれ、リラックスできる時間を提供してくれたのでとても助かりました。素晴らしいサービスだったと思います。実際に飛行機に乗ってみても、飛行機内のスクリーンが大きく、映画を観る際に視覚的な楽しさが倍増しました。,-,飛行機内のスクリーンが大きく、映画鑑賞時の視覚的な楽しさが倍増しました。,-,-,空港ラウンジのスタッフが快適に過ごせるよう配慮してくれたおかげで、初めての海外旅行での緊張がほぐれリラックスできました。,-,-,-,-,-,-,-,-,-,A392-300,2025-01-11,HND-ITM,Premium Economy,True,5,5,3,4,3,3,3,4
3,96,2024-12-23,先日利用した航空サービスは本当に素晴らしかった。普段から海外旅行が趣味でよく利用するが、今回は特に感動した。機内でのサービスが迅速で、何度も頼んだことを丁寧に対応してくれた。安心感があり、全体的に非常に良かった。料金に見合った素晴らしいサービスがあり、非常に快適なフライトとなった。コスパが良いと感じた。次回もまた利用したい。,-,-,-,料金に見合った素晴らしいサービスがあり、コスパが良いと感じた。,-,機内でのサービスが迅速で、何度も頼んだことを丁寧に対応してくれて安心感があった。,-,-,-,-,-,-,-,-,S410-XLR,2024-12-22,NRT-CDG,Business Class,True,5,4,4,3,4,3,4,4
4,64,2024-12-21,先日は開発合宿で東京に行っており、帰りの飛行機でがっかりさせられました。出発前にビジネスクラス向け高速Wi-Fiと書かれていたので期待していたのですが、実際は低帯域でIDEがクラッシュするほどでした。看板に偽りありとしか思えませんでした。また、手荷物を預けた後、座席のシートベルトが緩んでいたのでスタッフに指摘しましたが、あまりにも無関心な対応でした。さらに座席のクッションが壊れていたことも伝えましたが、こちらも無視されてしまい、対処してもらえませんでした。,-,-,-,-,-,-,-,-,-,高速Wi-Fiと謳われていたのに実際は低帯域で、IDEがクラッシュするほど接続状態が悪かった。,ビジネスクラス向けと謳われていた高速Wi-Fiが実際は低帯域でIDEがクラッシュするほど品質が悪く、広告内容と実際のサービスが一致していませんでした。,手荷物を預けた後、座席のシートベルトの緩みとクッションの破損を伝えたにも関わらず、スタッフが無関心で対処してくれなかった。,シートベルトの緩みとクッションの破損を伝えたにも関わらず、スタッフは無関心な態度で対応せず、問題を無視されてしまいました。,シートベルトが緩んでおり、座席のクッションも壊れていたにも関わらず、スタッフに指摘しても無関心な対応で対処してもらえませんでした。,A392-300,2024-12-20,HND-CTS,Premium Economy,False,1,1,4,4,4,3,2,4
5,84,2024-12-26,先日初めて利用した航空会社で、スポーツイベントを観戦するために旅行したのですが、機内エンターテイメントでスポーツイベントの中継があると思っていたのに、全くありませんでした。非常に残念です。しかし、フライト中に緊急事態が発生し、乗務員がすぐに冷静に対処してくれ、乗客全員に安心感を与えてくれた。非常に頼もしいと感じました。,-,-,-,-,-,緊急事態発生時に乗務員が冷静かつ迅速に対応してくれたおかげで安心感を得られた。,-,-,-,-,-,-,-,-,A450-800,2024-12-25,HND-CTS,Premium Economy,True,4,2,4,3,4,4,5,4
6,65,2025-04-10,最近、家族で海外旅行に行くために航空券を予約したのですが、正直料金が高く感じました。実際にサービスを利用してみても、料金に見合ったサービスが提供されているとは思えず、コストパフォーマンスが悪いと感じました。チェックインの際には、スタッフのミスで航空券が無効にされてしまい、再発行のために余計な手間がかかりました。航空券の確認をもっと慎重に行ってほしかったです。一方、フライト中は機内Wi-Fiを使って簡単にネットにアクセスでき、事前に調べたかったこともスムーズに調べられて非常に便利でした。,-,機内Wi-Fiが利用でき、簡単にネットにアクセスできたので、事前に調べたいことをスムーズに調べられて非常に便利だった。,フライト中はWi-Fiを使って簡単にネットにアクセスでき、事前に調べたいことをスムーズに調べられて非常に便利でした。,-,-,-,-,-,-,-,料金が高いのに見合ったサービスが提供されておらず、コストパフォーマンスが悪いと感じました。,チェックインの際にスタッフのミスで航空券が無効になり、再発行の手間がかかったので、もっと慎重な確認をしてほしかった。,-,-,A425-900,2025-04-08,HND-SFO,Premium Economy,False,3,3,4,3,3,3,4,2
7,105,2024-12-20,海外旅行中に家族と離れて一人で帰国する子供と、初めての海外旅行で大変楽しみにしていた家族でしたが、機内Wi-Fiが全く使えなかったので、子どもと連絡が取れず非常に困った。旅行中にWi-Fiを利用したいと思っていたのに、まったく接続できなかった。価格は高いが、それに見合った素晴らしい快適さと、航空会社の対応が良かったのは救いだった。出された料理が全体的に塩辛く、口に合わなかった。フライトが長いだけに、この食事で長時間過ごすのは辛かった。,-,-,-,価格は高いが、素晴らしい快適さと良い対応が得られた。,航空会社の対応が良く、それが高い価格に見合った救いになった。,航空会社の対応が良く、救いになった。,価格は高いものの、それに見合った素晴らしい快適さがあった。,料理が全体的に塩辛く口に合わず、長時間のフライトで辛い思いをした。,料理が全体的に塩辛く口に合わず、長時間のフライトで辛い思いをした。,機内Wi-Fiが全く使えず、子どもと連絡が取れなかったため非常に困った上、旅行中も接続できなかった。,高い料金を支払ったのに機内Wi-Fiが全く使えず、子どもと連絡が取れなかった。,-,-,-,S385-TP,2024-12-19,HND-LHR,Business Class,False,3,4,3,2,3,2,4,3
8,56,2025-02-17,最近海外旅行が趣味でよく利用する航空会社だが、今回他の航空会社より高い料金を払ったが、フライト中の体験が期待外れだった。搭乗前に期待していたサービスがあまり提供されず残念だった。次回はよりリーズナブルな選択肢を選ぶかもしれない。しかし、以前利用した時は料金が高いが、それに見合った素晴らしいサービスと快適なフライト体験ができ、納得できた。やはり利用する時期や運によってサービスに差があるのかもしれない。,-,-,-,以前は高い料金でしたが、素晴らしいサービスと快適なフライト体験が提供され、支払った金額に見合う価値がありました。,-,-,-,-,-,-,高い料金を支払ったにもかかわらず、期待していたサービスが提供されず、フライト体験が期待外れだった。,-,-,-,B845-9,2025-02-16,HND-SFO,Premium Economy,True,3,3,4,4,2,3,4,3
9,31,2025-04-26,娘の大学留学先に向かうために利用しました。海外は初めてで、できれば効率的な移動方法や地域特化のTipsなど、もっと現地情報が充実していると嬉しいです。高額なチケット代でも納得できるサービスだったので良かったです。特にフライト中の食事やエンタメが非常に充実していたので、快適に過ごすことができました。フライト中、急な変更に対応してくれたスタッフの迅速な対応に感謝しています。大きな不安を感じることなくフライトを終えることができました。,フライト中の食事が非常に充実していて快適に過ごせました。,フライト中のエンタメが非常に充実していたので、快適に過ごすことができました。,-,高額なチケット代でも納得できるサービスで、特にフライト中の食事やエンタメが非常に充実していたため快適に過ごせました。,フライト中の急な変更に対して、スタッフが迅速に対応してくれたおかげで大きな不安なく過ごせました。,フライト中の急な変更に対して迅速に対応してくれたスタッフのおかげで、大きな不安を感じることなく旅を終えることができました。,-,-,-,-,-,現地情報がもっと充実していると嬉しいです。効率的な移動方法や地域特化のTipsなどが不足していました。,-,-,A470-900,2025-04-25,HND-CTS,First Class,True,4,2,3,4,4,3,4,3
10,4,2025-02-14,初めての海外旅行で、長時間のフライトに備えて期待していたのは機内エンタメでしたが、残念ながらほぼ旧作映画やドラマばかりで、見たことあるものばかりでした。探すのも億劫になり暇つぶし不足が辛かったです。しかし、Bricks Airwaysのスタッフの配慮には感動しました。飲み物や軽食をこまめに提供してくれたおかげで、身体の疲れを感じることなく快適に過ごすことができました。結果的に、Bricks Airwaysの機内エンタメは種類が豊富で、長時間のフライトも退屈せずに過ごせました。次回もこの航空会社を利用したいと思います。,スタッフが飲み物や軽食をこまめに提供してくれたおかげで、身体の疲れを感じることなく快適に過ごせました。,種類が豊富で長時間のフライトも退屈せずに過ごせました。,-,-,-,飲み物や軽食をこまめに提供してくれたおかげで、身体の疲れを感じることなく快適に過ごすことができました。,-,-,-,-,-,-,-,-,B830-10,2025-02-13,HND-ITM,Economy Class,True,4,2,4,4,3,3,4,4
71,28,2025-01-22,先日は長時間のフライトでした。座席が広くて快適に過ごせましたし、足元のスペースも十分に確保されていて良かったです。ただ、映画を楽しみにしていたのですが、飛行中の12時間のうちに途中で音声が左チャンネルだけになり臨場感が全くなくなってしまいました。ヘッドホンを交換しても改善されなかったので、結局映画を諦めて寝返りを打ち続けた結果、腰を痛めてしまいました。,-,-,-,-,-,-,座席が広く、足元のスペースも十分に確保されていて快適に過ごせました。,-,-,-,-,-,-,-,E180-E2,2025-01-21,NRT-CDG,First Class,False,3,2,4,3,3,3,4,4
72,27,2025-05-08,私は普段あまり海外旅行に行く機会がないのですが、今回初めてヨーロッパに行くことになり、ワクワクしながら成田空港に向かいました。初めての空港で少し不安だったのですが、空港のスタッフが非常に親切で、スムーズに案内してくれました。わかりやすく、迅速に対応してくれたので、安心してフライトを楽しむことができました。機内では、機内Wi-Fiの接続速度が早く、動画や音楽のストリーミングが途切れず楽しめました。快適なフライトを満喫でき、大満足の旅行となりました。,-,機内Wi-Fiの接続速度が早く、動画や音楽のストリーミングが途切れず楽しめました。,機内Wi-Fiの接続速度が早く、動画や音楽のストリーミングが途切れずに楽しめました。,-,初めての空港で不安でしたが、スタッフが非常に親切で、わかりやすく迅速に案内してくれたおかげで安心してフライトを楽しむことができました。,-,-,-,-,-,-,-,-,-,A430-200,2025-05-07,NRT-SIN,Business Class,True,5,4,3,4,3,4,4,4
73,5,2025-04-01,私は普段から仕事で海外出張することが多く、最近もアメリカへの長時間フライトを利用しました。座席が狭くて長時間のフライトがとても辛かったです。隣の人とぶつかってしまい、快適ではありませんでした。フライト中は機内のWi-Fiに接続して仕事の資料をチェックしていたのですが、知らないうちに接続が切れて、動画のストリーミングが途切れてしまいました。サービスの安定性が欠けていると感じました。,-,-,-,-,-,-,-,-,-,フライト中にWi-Fi接続が突然切れてしまい、動画ストリーミングが途切れるなど、サービスの安定性に欠けていました。,-,-,-,座席が狭く、隣の人とぶつかってしまい、長時間フライトが非常に辛かった。,B845-9,2025-03-31,NRT-LHR,Premium Economy,False,2,2,1,4,4,3,3,3
74,52,2025-02-25,先日利用した航空サービスは残念な点が多かった。価格に対して期待したよりもサービスがシンプルで、支払った金額に見合った価値が提供されなかった。長時間のフライトで座席に座っていると肩が凝りやすかった。もっと快適なシートにしてほしい。また、機内エンターテイメントの字幕が小さくて視覚的に非常に疲れた。もう少し大きくしてほしい。私は普段から仕事で頻繁に飛行機を利用しているが、今回の体験は特に不満が残った。,-,-,-,-,-,-,-,-,-,-,支払った金額に見合ったサービスが提供されず、シンプルすぎる内容だった。,-,-,長時間のフライトで座席に座っていると肩が凝りやすく、もっと快適なシートにしてほしい。,A450-800,2025-02-24,HND-CTS,First Class,False,2,2,2,3,3,4,4,3
75,75,2024-11-25,先日利用した航空サービスが残念な出来でした。隣の席の乗客がトラブルを起こしていた際、スタッフの対応が非常に遅かったです。もう少し迅速で効果的な対応をしてほしかったです。フライト中の安全は最優先であるべきだと思います。私自身は問題なく過ごせたものの、赤ちゃん連れの家族が大変そうでした。特に赤ちゃん用の食事が無くて、子どもが空腹で泣き続ける羽目に。子ども向けのメニューがあるともっと楽になるのにと思いました。そもそも高い料金を払った割には特別なサービスが提供されず、非常にがっかりしました。,-,-,-,-,-,-,-,赤ちゃん用の食事が提供されておらず、子どもが空腹で泣き続けることになったため、子ども向けのメニューがあると良いと思いました。,赤ちゃん用の食事が提供されておらず、子どもが空腹で泣き続けることになったため、子ども向けのメニューがあると良いと思いました。,-,高い料金を支払ったにもかかわらず、特別なサービスが提供されず非常に失望した。,-,隣席の乗客がトラブルを起こした際の対応が非常に遅く、もっと迅速で効果的な対応をしてほしかった。,-,A430-200,2024-11-24,HND-SFO,Premium Economy,False,2,3,3,2,2,4,1,4
76,63,2025-02-14,先日利用した航空会社のサービスについて思うところがあったので書きます。まず、羽田からLAへのフライトの際、機内で前の席の男性がひじ掛けをめいっぱい広げて座っていたので、席を移動できないかと思いスタッフに頼んだのですが、全く協力的でなく、むしろ面倒くさそうに応対していたのが残念でした。航空会社としてのプロフェッショナリズムを感じられませんでした。一方、LAからの帰りのフライトはシートピッチが広く、足を伸ばして座ることができたので、快適に過ごせました。ただ、セキュリティチェックで何度も並ばされ、待機時間が長く、乗り継ぎ時間がギリギリになってしまったのはストレスでした。スタッフはあまり手際よく動かず、もっとスムーズな運営を望みます。私はLAで留学していたので、この路線は頻繁に利用していました。,-,-,-,-,-,-,LAからの帰りのフライトはシートピッチが広く、足を伸ばして座ることができたので快適に過ごせました。,-,-,-,-,セキュリティチェックで何度も並ばされ待機時間が長く、乗り継ぎがギリギリになるほどスタッフの動きが手際よくなかった。,席移動の相談をした際、スタッフが面倒くさそうに応対し、プロフェッショナリズムを感じられなかった。,前の席の男性がひじ掛けを広げて座っていたため窮屈で、席の移動を頼んだがスタッフは非協力的だった。,A470-900,2025-02-13,NRT-LHR,First Class,False,3,4,4,4,3,4,3,3
77,60,2024-11-13,私は仕事でよく海外に行くので、航空会社を頻繁に利用します。最近、ある航空会社のビジネスクラスを利用しました。ビジネスクラスで提供された食事は、まるでレストランで食べるようなクオリティだった。見た目も美しく、食べるのが楽しみだった。しかし、隣の席との間隔が狭く、他の乗客との接触が気になりました。もう少しスペースが欲しいです。長時間のフライトで疲れましたが、食事の満足感で多少は救われました。,ビジネスクラスの食事はレストラン並みの高品質で、見た目も美しく食べる楽しみがあり、長時間フライトの疲れを和らげてくれました。,-,-,-,-,-,-,-,-,-,-,-,-,隣の席との間隔が狭く、他の乗客との接触が気になるため、もう少しスペースが欲しい。,A450-800,2024-11-12,NRT-LHR,Economy Class,True,4,4,2,5,3,3,3,4
78,48,2024-11-22,私は普段、仕事の関係で南米と日本を頻繁に往復しています。最近、成田までのフライトを利用しました。残念ながら、サービスにいくつか不満がありました。まず、他の航空会社と比較してもWi-Fiが最悪だった。接続中に切れてしまい、仕事が全然進まなかった。さらに、温かい飲み物をリクエストしたのに、冷めた飲み物を提供されたことにかなり驚いた。長時間のフライトでは機内エンターテイメントも楽しみにしていたが、南米から成田までの15時間、スクリーンが真っ暗のままで、相談しても満席で席の移動は無理との一点張りで、支払った金額を返して欲しいと思った。,-,-,-,-,-,-,-,温かい飲み物をリクエストしたのに冷めた飲み物が提供された。,温かい飲み物をリクエストしたのに冷めた飲み物が提供された。,Wi-Fiの接続が途中で切れてしまい、仕事が全く進められなかった。,15時間のフライトでスクリーンが故障したまま対応されず、支払った料金に見合わないサービスだった。,-,温かい飲み物をリクエストしたのに冷めた飲み物を提供され、スクリーンの不具合を相談しても席の移動は無理との一点張りだった。,-,S385-TP,2024-11-21,HND-SFO,Premium Economy,False,1,1,4,1,4,1,4,3
79,13,2025-03-23,"海外赴任中のアメリカ人ビジネスマンとして、ロサンゼルスから東京までの長距離フライトを利用したレビューを想像しました。

今回利用した航空会社のシートはとても快適で、リクライニング角度も広く、休憩中は横になってくつろぐことができました。しかし、Wi-Fi接続が非常に遅く、仕事をするどころか、ネットサーフィンさえもままなりませんでした。フライト時間を無駄に過ごした気分になりました。それでも、高いチケット代に見合うリラックスできる環境を提供してくれる航空会社だと感じました。",-,-,-,高額なチケット代に見合う、リクライニング角度の広い快適なシートで、リラックスできる環境が提供されていた。,-,-,シートは非常に快適で、広いリクライニング角度により横になってくつろぐことができました。,-,-,Wi-Fi接続が非常に遅く、仕事やネットサーフィンができず、長時間のフライト時間を無駄に過ごした気分になった。,高額なチケット代を支払ったにもかかわらず、Wi-Fi接続が非常に遅く、仕事やネットサーフィンもできずフライト時間を無駄に過ごしてしまった。,-,-,-,S450-XLR,2025-03-22,NRT-SIN,Premium Economy,True,4,4,5,3,3,3,3,4
80,97,2025-01-24,先日、久しぶりに海外旅行で長距離便を利用しました。子供の頃から海外旅行が好きで年に数回は利用していますが、最近は長時間のフライトで腰が痛くなることが多くなってきてしまいました。座席に座っていると、どうも腰が痛くなります。もっと体に優しいデザインにしてほしいと思いました。実際、シートピッチが狭すぎて足が窮屈でした。もっと広い席にして欲しいです。しかし、機内食がとても美味しく、特にデザートが絶品だったので、辛い思いも我慢できました。飛行機の中でこんなに満足した食事を食べたのは初めてです。,機内食がとても美味しく、特にデザートが絶品で、飛行機の中でこれほど満足した食事を食べたのは初めてでした。,-,-,-,-,-,-,-,-,-,-,-,-,長時間のフライトで腰が痛くなり、シートピッチが狭すぎて足が窮屈だったので、もっと体に優しいデザインの広い席にして欲しい。,A425-900,2025-01-23,NRT-CDG,First Class,True,4,3,3,5,3,3,4,4
91,37,2025-01-03,先日初めて利用した国際線の機内エンターテイメントは自分のNetflixアカウントと連携でき、家で観ているような感覚で映画を楽しめました。非常に便利でした。また、座席の肘掛けが調整可能で、自分の座り方に合わせて使えるのが良かったです。しかし、映像が常にカクカクしていて快適に視聴できませんでした。長時間のフライトで楽しみにしていただけに残念でした。改善の余地ありです。,-,Netflixアカウントと連携でき、家で観ているような感覚で映画を楽しめて非常に便利でした。,Netflixアカウントと連携できたので、家で観ているような感覚で映画を楽しめました。,-,-,-,座席の肘掛けが調整可能で、自分の座り方に合わせて使えるのが良かったです。,-,-,-,-,-,-,-,A392-300,2025-01-02,NRT-SIN,Economy Class,True,3,5,3,4,4,3,3,3
92,86,2025-04-14,先日は海外旅行で長時間のフライトでした。子供が騒いで周りに迷惑をかけないか心配でしたが、快適なサービスのおかげで安心して過ごせました。機内で観た映画が、家で観るよりも圧倒的に高画質で、まるで映画館にいるような気分になりました。リクライニングが心地よく、映画を見ながらリラックスできました。非常に快適でした。高い料金でも、それだけの価値があるサービスが提供された。長時間のフライトでも快適に過ごせた。,-,映画の画質が家で観るよりも圧倒的に高く映画館のような気分で、リクライニングも心地よく映画を見ながらリラックスできた。,-,高い料金でしたが、快適なサービス、高画質の映画、心地よいリクライニングなど、長時間フライトでも価値のある体験ができました。,-,快適なサービスのおかげで、子供が騒ぐことを心配していましたが安心して長時間フライトを過ごすことができました。,リクライニングが心地よく、映画を見ながらリラックスできて非常に快適でした。,-,-,-,-,-,-,-,E180-E2,2025-04-13,NRT-CDG,Premium Economy,True,5,5,5,3,4,4,3,3
93,50,2025-01-26,私は普段あまり海外旅行に行く機会がないので、久しぶりの海外旅行で楽しみにしていました。目的地までは長時間のフライトとなるため、少し不安もありましたが、実際搭乗してみると、長時間の待機中、スタッフが気配りを見せ、飲み物のサービスをしてくれた。少しの配慮が大きな安心感に繋がった。しかし、座席のリクライニングがスムーズでなく、身体に負担がかかりました。,長時間の待機中、スタッフが気配りを見せて飲み物のサービスをしてくれたことで、大きな安心感を得られました。,-,-,-,長時間の待機中、スタッフの気配りと飲み物サービスが安心感を与えてくれた。,長時間の待機中、スタッフの気配りと飲み物サービスが安心感を与えてくれた。,-,-,-,-,-,-,-,リクライニングがスムーズに動かず、身体に負担がかかりました。,B830-10,2025-01-25,HND-ITM,Economy Class,True,4,4,3,3,4,4,4,3
94,33,2024-11-24,先日利用した航空サービスが最悪でした。まず、座席のタッチスクリーンが全く反応せず、何度も試す羽目に。これではエンタメどころではありません。さらに機内で食事をした際、隣の席の乗客に食事をこぼしてしまい、スタッフはすぐに助けてくれるかと思ったが、対応が遅く、その後も謝罪やフォローは一切なし。出された機内食も冷たくて硬く、まるで予算を削った感じがして非常に不愉快だった。問題が解決した後のスタッフの態度にも不満が残りました。私は普段から仕事で頻繁に飛行機を利用しますが、こんなに不満を感じたのは初めてです。,-,-,-,-,-,-,-,機内食が冷たくて硬く、予算削減を感じさせる品質で非常に不愉快だった。,機内食が冷たくて硬く、予算削減を感じさせる品質で非常に不愉快だった。,-,機内食が冷たく硬く、予算削減を感じさせる品質で非常に不愉快だった。,-,食事をこぼした際のスタッフの対応が遅く、その後の謝罪やフォローが一切なかった上、問題解決後の態度にも不満が残りました。,座席のタッチスクリーンが全く反応せず、何度も試さなければならなかった。,A425-900,2024-11-23,NRT-CDG,Economy Class,False,1,2,3,3,3,3,3,4
95,55,2024-12-18,先月、久しぶりに海外旅行を楽しむためにこの航空会社を利用しました。私は普段あまりお酒を飲まないのですが、長距離のフライトで喉が乾いてしまい、フライト中に何度も飲み物を頼んだのですが、なかなか届かず、乾いた喉を我慢する羽目になりました。サービスが遅くて不快だったです。しかし、座席が柔らかくリクライニングもスムーズで、映画を観るのに最適な環境だったので、長時間のフライトでも疲れを感じませんでした。実際、座席のクッションが柔らかく、長時間でも疲れにくかったです。次回もこの航空会社を選びたいです。,-,座席が柔らかくリクライニングもスムーズで、映画鑑賞に最適な環境だったため、長時間のフライトでも疲れを感じなかった。,-,-,-,-,座席が柔らかくリクライニングもスムーズで、長時間のフライトでも疲れを感じませんでした。,フライト中に何度も飲み物を頼んだのに、なかなか届かず、乾いた喉を我慢する羽目になり、サービスが遅くて不快でした。,フライト中に何度も飲み物を頼んだのに、なかなか届かず、乾いた喉を我慢する羽目になり、サービスが遅くて不快でした。,-,-,-,フライト中に何度も飲み物を頼んだのに、なかなか届かず、乾いた喉を我慢する羽目になり、サービスが遅くて不快でした。,-,E180-E2,2024-12-17,HND-LHR,Premium Economy,True,4,3,4,2,4,4,3,3
96,1,2024-12-07,"私は家族と一緒に海外旅行に行くために、初めてこの航空会社の飛行機を利用しました。私は普段から映画鑑賞を趣味としており、長距離のフライトではいつも機内エンターテイメントを利用しています。ところが、今回は映画を途中で止めてしまったことがあり、再開したときに前の場所に戻らないという問題に遭遇しました。これは非常に不便で、ストーリーを思い出すのに時間がかかりました。

しかし、機内でのWi-Fiが快適に利用できたおかげで、映画鑑賞やネットサーフィンがとても楽しめました。私は機内で提供されているコンテンツ以外にも、自分の好きな映画をストリーミングで視聴することができました。また、家族とのコミュニケーションもWi-Fiのおかげでスムーズに行うことができました。旅行中、家族と動画通話をしたかったのですが、Wi-Fi接続がとても快適で、ずっと繋がっていられたので、安心して楽しむことができました。快適な機内Wi-Fiは、長距離フライトのストレスを大幅に軽減してくれました。",-,快適なWi-Fi接続のおかげで、機内で提供されているコンテンツ以外にも好きな映画をストリーミングで視聴でき、長距離フライトのストレスが大幅に軽減された。,快適な機内Wi-Fiのおかげで映画のストリーミング視聴や家族との動画通話が途切れることなく楽しめ、長距離フライトのストレスが大幅に軽減された。,-,-,-,-,-,-,-,-,-,-,-,A425-900,2024-12-06,NRT-SIN,Business Class,True,4,2,3,4,4,4,4,4
97,16,2025-04-08,最近、仕事でシンガポールに行く機会があり、初めてこの航空会社のビジネスクラスを利用しました。普段はエコノミークラスで我慢していますが、今回は特別にアップグレードしていただいたので期待していました。まず、足元に十分なスペースがあり、フライト中も足を自由に動かすことができて快適でした。しかし、Wi-Fiの質が悪すぎて、オンラインでの仕事が全くできなかった。あの値段を払った意味がなかった。また、私が座席で寝ていたとき、スタッフが私の足元を無理やり通ろうとして、非常に不快に感じた。少しの気配りや声掛けがあれば、もっと快適に過ごせたはず。,-,-,-,-,-,-,足元に十分なスペースがあり、フライト中も足を自由に動かすことができて快適でした。,-,-,Wi-Fiの質が悪すぎてオンラインでの仕事が全くできず、ビジネスクラスの料金を払った意味がなかった。,Wi-Fiの質が悪すぎてオンラインでの仕事ができず、高額な料金を支払った意味がなかった。,-,寝ている時にスタッフが声をかけずに足元を無理やり通ろうとして不快だった。,スタッフが私の足元を無理やり通ろうとして非常に不快だった。少しの気配りや声掛けがあれば良かった。,B845-9,2025-04-07,NRT-LHR,Premium Economy,False,3,4,3,4,3,2,3,3
98,26,2025-04-13,私は普段あまり海外旅行に行く機会がないのですが、たまたま仕事でロンドンに行くことになり、久しぶりに海外旅行を楽しみに搭乗しました。機内エンタテイメントのインターフェースが直感的で使いやすく、ストレスなく映画や音楽を選べました。映画も新作が多くて大満足。お腹が空いたので機内食を楽しみにしていたら、飛行機で提供される食事がこんなにおいしいとは思わなかった。特にスープは温かくてホッとする味で、心まで温まった。到着まであっという間で、とても快適なフライトでした。,機内食が予想以上においしく、特に温かいスープは心まで温まる味わいでした。,インターフェースが直感的で使いやすく、ストレスなく映画や音楽を選べ、新作映画も多くて大満足でした。,-,-,-,-,-,-,-,-,-,-,-,-,B812-6,2025-04-12,NRT-LHR,First Class,True,5,5,4,4,4,3,3,3
99,110,2025-05-06,私は普段から海外旅行によく出かける。今回もロンドンへの出張で利用した。搭乗したクラスはエコノミークラスだったが、背もたれが調整可能で、自分に合った角度にできるので非常に快適だった。機内エンターテイメントも楽しみにしていたが、ミュージックチャンネルで邦楽が1アルバムだけ、後は聞いたことのないインディーズばかりで、結局ホワイトノイズを流して寝るしかなかった。,-,-,-,-,-,-,背もたれが調整可能で自分に合った角度にできるので非常に快適だった。,-,-,-,-,-,-,-,A390-100,2025-05-05,NRT-SIN,Premium Economy,True,4,2,4,4,3,4,3,3
100,34,2025-03-13,先日初めてシドニーに行く機会があり、海外の空港で迷ったところをスタッフの方が親切に案内してくれました。とても助かりました。シドニーから日本へのフライトでは残念ながらオーダーにミスが目立ち、食事や飲み物の提供に時間がかかりました。何度も注文を取ったり提供したりするたびに間違えていたので、少しの工夫で改善できると思いました。,-,-,-,-,海外の空港で迷った際、スタッフが親切に案内してくれて助かりました。,-,-,シドニーから日本へのフライトでオーダーのミスが目立ち、提供に時間がかかった上、何度も注文や提供の際に間違いがあった。,シドニーから日本へのフライトでオーダーのミスが目立ち、提供に時間がかかった上、何度も注文や提供の際に間違いがあった。,-,-,-,シドニーから日本へのフライトでは、オーダーミスが多く、食事や飲み物の提供に時間がかかった。,-,A392-300,2025-03-12,NRT-CDG,First Class,True,3,3,4,3,4,3,3,4
11,24,2025-02-04,先日利用した際はビジネス出張の途中で機内食が出されたが、冷めていて非常に不味かった。忙しい中での食事だったので、せめて温かいものが食べたかった。とはいえ、乗っている間、子どもが退屈しないように配慮されているので、家族旅行にも最適だと思う。実際、以前家族で利用した際は子供も楽しそうにしていたので、また利用したい。,-,子どもが退屈しないような配慮があり、以前家族で利用した際も子供が楽しめたので、家族旅行に最適だと感じた。,-,-,-,-,-,機内食が冷めていて非常に不味く、忙しい中での食事だったので温かいものを提供してほしかった。,機内食が冷めていて非常に不味く、忙しい中での食事だったので温かいものを提供してほしかった。,-,-,-,-,-,B830-10,2025-02-03,HND-ITM,Economy Class,True,4,4,3,1,4,3,3,3
12,43,2025-01-19,先月、家族でアメリカに旅行に行った際、利用した航空会社のサービスにいくつか不満があった。まず、自動チェックイン機が故障しており、スタッフに案内されても対応が遅く、長時間並ぶ羽目になった。もっと機器のメンテナンスに気を使ってほしい。フライト中は乗客が多くて少し混雑していたが、映画や音楽を楽しむスペースは確保されていて快適だった。しかし、フライトが非常に混雑していて、飲み物を頼んでもなかなか回ってこなかった。さらにお水がないと言われてかなり不安になった。家族で利用する際はもう少し改善を望みたい。,-,フライト中は混雑していたものの、映画や音楽を楽しむスペースが確保されていて快適だった。,-,-,-,-,-,フライトが混雑していて飲み物の提供が遅く、水がないと言われて不安になった。,フライトが混雑していて飲み物の提供が遅く、水がないと言われて不安になった。,-,-,自動チェックイン機が故障していて、スタッフの対応も遅く、長時間並ばされた。機器のメンテナンスをもっと徹底してほしい。,フライトが混雑していて飲み物の提供が遅く、水がないと言われて不安になった。,-,A425-900,2025-01-18,HND-LHR,Economy Class,False,3,4,3,1,3,4,3,3
13,9,2025-01-23,最近、家族で海外旅行に行くために航空会社を利用しました。私は長時間のフライトで腰が痛くなることが多いので、快適な座席を期待していたのですが、やはり長時間座っていると痛くなってしまいました。もっと快適に座れるシートがあれば良いなと思いました。ただ、機内サービスは非常に良く、飲み物サービスは親切で、コーヒーやジュースのリフィルもこまめにしてくれたので助かりました。フライトが遅れた際も、スタッフが待機中の案内をしっかり行ってくれ、遅延の原因や最新情報を逐一提供してくれたので、安心して待つことができました。こうした細やかな配慮に感謝しています。,飲み物サービスは親切で、コーヒーやジュースのリフィルもこまめにしてくれたので助かりました。,-,-,-,フライトが遅れた際も、スタッフが待機中の案内をしっかり行い、遅延の原因や最新情報を逐一提供してくれたので安心して待つことができました。,飲み物サービスが親切で、コーヒーやジュースのリフィルをこまめにしてくれたほか、フライト遅延時には待機案内をしっかり行い、原因や最新情報を逐一提供してくれたおかげで安心して待つことができました。,-,-,-,-,-,-,-,長時間のフライトで腰が痛くなってしまい、もっと快適に座れるシートを望んでいる。,S410-XLR,2025-01-22,HND-SFO,First Class,True,4,3,3,4,4,3,3,5
14,74,2025-02-10,私は仕事で頻繁に海外を訪れる機会が多い。最近、ある航空会社を利用して長距離のフライトを経験した。座席が非常に広くて、両隣の乗客とぶつかることなくゆったりと過ごせました。フライト中、乗務員が私のリクエストをすぐに対応してくれ、食事の選択肢を変えてくれたおかげで快適に過ごせた。常に笑顔で対応してくれて、温かい気持ちになった。,乗務員が私のリクエストに応じて食事の選択肢を変更してくれたおかげで快適に過ごせました。,-,-,-,-,乗務員がリクエストにすぐ対応し、食事の選択肢を変更してくれたうえ、常に笑顔で接してくれたおかげで快適に過ごせました。,座席が非常に広く、両隣の乗客とぶつかることなくゆったりと過ごせました。,-,-,-,-,-,-,-,S450-XLR,2025-02-09,HND-CTS,Premium Economy,True,5,3,4,3,3,4,4,4
15,24,2024-12-28,先日、久しぶりに海外旅行で羽田空港を利用しました。空港内のトイレが使用不可になっていたが、スタッフからの事前の知らせがなく、利用する際に不便だったのが残念でした。案内が不足していると感じました。飛行機に搭乗してからも残念なことが続きました。映画や音楽を楽しむ予定だったが、機内Wi-Fiが使えず全く何もできなかったのです。長時間のフライトでこれは最悪でした。しかし、機内で体調を崩してしまった際には、スタッフがすぐに温かいお茶を持ってきてくれ、回復するまでずっと見守ってくれました。海外旅行は5年ぶりで楽しみにしていただけに最初は残念な思いをしましたが、最後はとても助かりました。,体調を崩した時にスタッフがすぐに温かいお茶を持ってきてくれて回復するまで見守ってくれたのが助かった。,-,-,-,-,体調を崩した際、すぐに温かいお茶を持ってきてくれ、回復するまで見守ってくれたおかげで助かりました。,-,-,-,長時間フライト中にWi-Fiが全く使えず、予定していた映画や音楽を楽しむことができなかった。,-,空港内のトイレが使用不可だったにも関わらず、事前の案内がなく不便を感じた。,-,-,E260-E3,2024-12-27,NRT-SIN,Economy Class,True,3,3,4,3,4,2,4,3
16,7,2024-12-09,先日は初めての海外旅行で緊張していたのですが、空港内での案内がとても分かりやすく、迷わずゲートに到着できました。スタッフがあらかじめ詳細な情報を提供してくれたので、安心してフライトを楽しめました。機内でもスタッフが飛行機の機内での役割をよく理解していて、いつでも頼んだことをきちんと処理してくれたので、とても快適な旅となりました。,-,-,-,-,空港内の案内が分かりやすく迷わずゲートに到着でき、スタッフが事前に詳細な情報を提供してくれたおかげで安心してフライトを楽しめました。,機内スタッフが役割をよく理解していて、頼み事を確実に処理してくれたおかげで快適に過ごせました。,-,-,-,-,-,-,-,-,B830-10,2024-12-08,NRT-LHR,Economy Class,True,5,4,3,3,3,4,4,4
17,78,2024-12-19,先日、家族で海外旅行に行った際、子どもの機嫌が悪くなってぐずり始めたときに、航空会社のスタッフに助けを求めたが、無視された。海外旅行は初めてで、子どもも小さかったので心配だったが、もう少し子供連れに配慮して、優しく声をかけてほしいと思った。しかし、別の便では、子どもがぐずり始めたときに、スタッフがすぐにおもちゃや絵本を持ってきてくれた。予想以上に気配りが行き届いていて、感謝している。,-,子どもがぐずった時にスタッフがすぐにおもちゃや絵本を持ってきてくれて、予想以上の気配りに感謝しています。,-,-,-,子どもがぐずり始めた時、スタッフがすぐにおもちゃや絵本を持ってきてくれて、予想以上の気配りに感謝しています。,-,-,-,-,-,-,子どもがぐずった時に助けを求めたのに無視され、初めての海外旅行で子連れだったため不安だったので、もっと配慮して声をかけてほしかった。,-,B845-9,2024-12-18,HND-ITM,Economy Class,True,4,3,4,3,4,3,4,3
18,51,2025-03-27,先日は海外旅行で長時間のフライトでしたが、スタッフの皆さんがいつも快適に過ごせるように気配りをしてくれていたので、長時間でも全く不快に感じなかったです。ただ、機内エンターテイメントの映像の画質が悪く、何度も再起動しないと視聴できなかったのは残念でした。飛行機内の設備管理が甘いと感じました。しかし、旅行中に予期しない問題が起こった際には、スタッフが迅速かつ適切な解決策を提案してくれて、問題がスムーズに解決したので、総合的には良いサービスだったと思います。,-,-,-,-,旅行中に予期しない問題が発生した際、スタッフが迅速かつ適切な解決策を提案してくれたおかげで問題がスムーズに解決しました。,スタッフの皆さんが長時間フライト中も常に気配りをしてくれたおかげで快適に過ごせましたし、旅行中に予期しない問題が発生した際も迅速かつ適切な解決策を提案してくれて助かりました。,-,-,-,-,-,-,-,-,E190-E2X,2025-03-26,HND-CTS,Economy Class,True,4,2,4,3,4,4,4,5
19,40,2024-12-13,私は仕事でよく海外に行くが、最近は疲れが溜まっていたので、久しぶりにビジネスクラスでヨーロッパへ向かった。搭乗してまず感じたのは、思ったより機材が古かったことだ。私の足元のスペースが狭かったが、スタッフがすぐに配慮してくれ、リクライニングを調整してくれた。機内で出されたワインが非常に美味しく、フライト中にリラックスした時間を過ごせた。,機内で提供されたワインが非常に美味しく、フライト中にリラックスした時間を過ごせました。,-,-,-,-,足元のスペースが狭かった際、スタッフがすぐに配慮してリクライニングを調整してくれた。,スタッフが迅速に対応し、リクライニングを調整してくれたおかげで、狭かった足元スペースの問題が解消された。,-,-,-,-,-,-,機材が古く、足元のスペースが狭かった。,B845-9,2024-12-12,HND-SFO,Economy Class,True,4,4,3,4,4,3,3,3
20,98,2024-12-05,先月、家族と一緒に海外旅行に行くために夜行便を利用しました。子供たちが機内エンターテイメントでゲームを楽しんでいたのですが、ゲームコントローラが壊れていてスタートが押せないというトラブルがありました。CAさんに報告したところ、また戻って来ますと言われたまま、なかなか対応してもらえず、結局そのままになってしまいました。ただ、機内Wi-Fiの速度は速く、フライト中でも家族と連絡を取り合うことができたので、他の点では非常に助かりました。暇つぶしに紙の安全カードを眺めていたのが記憶に残っています。,-,-,高速なWi-Fiのおかげでフライト中も家族と連絡を取り合うことができて非常に助かりました。,-,-,-,-,-,-,-,-,-,CAさんに壊れたゲームコントローラを報告したが、対応すると言われたまま戻ってこず、結局問題は解決されなかった。,-,E190-E2X,2024-12-04,NRT-LHR,Premium Economy,False,3,2,4,4,3,4,3,3
51,11,2025-04-01,最近、海外旅行で長時間のフライトを利用しました。私は普段からSNSを頻繁に更新するので、フライト中もWi-Fiが安定していて助かりました。SNSや映画を観るのに困ることなく過ごせたのは非常に便利でした。また、機内食のサラダが新鮮で美味しかったです。食事が軽くて健康的で、長時間のフライトでも体が楽だったので、快適に過ごすことができました。しかし、旅行先で荷物が届かなかった時は空港スタッフに問い合わせたものの、返答が遅く、手続きも煩雑で、結局荷物が届くまでの数日間、非常に不便な思いをしました。,機内食のサラダが新鮮で美味しく、軽くて健康的だったので長時間のフライトでも体が楽でした。,長時間フライト中もWi-Fiが安定していたため、SNSの更新や映画鑑賞を快適に楽しむことができました。,フライト中のWi-Fiが安定していたため、SNSの更新や映画鑑賞を問題なく楽しむことができました。,-,-,-,-,-,-,-,-,荷物が届かなかった時、空港スタッフの返答が遅く、手続きも煩雑で、荷物が届くまでの数日間非常に不便だった。,-,-,S450-XLR,2025-03-31,NRT-CDG,Economy Class,True,4,3,4,4,4,4,4,2
52,52,2024-12-18,最近、家族で海外旅行に行くために、久しぶりにこの航空会社を利用しました。事前に機内食を注文していたのですが、届いた食事がメニューにないものだったのでがっかりしました。スタッフは特にお詫びもなく無言で去って行ったので、せっかく楽しみにしていた食事が台無しになり、とても残念だった。しかし、提供された食事自体はヘルシーで消化に優しいもので、フライト中も快適に過ごすことができました。ただ、長時間座っていると背中が痛くなりました。背もたれの角度が調整できなかったので、少し不満でした。,提供された機内食はヘルシーで消化に優しく、フライト中も快適に過ごせました。,-,-,-,-,-,-,注文した機内食と実際に提供されたものが異なり、スタッフは謝罪もなく無言で去ってしまったため、楽しみにしていた食事体験が台無しになった。,注文した機内食と実際に提供されたものが異なり、スタッフは謝罪もなく無言で去ってしまったため、楽しみにしていた食事体験が台無しになった。,-,-,-,機内食が注文したものと違っていたのに、スタッフは謝罪もなく無言で立ち去ってしまい、楽しみにしていた食事体験が台無しになった。,長時間のフライトで背もたれの角度が調整できず、背中が痛くなってしまった。,A392-300,2024-12-17,HND-SFO,First Class,False,3,4,3,4,4,3,2,4
53,29,2025-05-05,最近、仕事で海外出張が増えたので、効率よく仕事をするために、航空会社のプレミアムエコノミーを利用した。乗客に対してフレンドリーな対応をしてほしかったが、何度も頼みごとをすると、明らかに不快そうな顔をされて返答が遅かった。出張中にフライト時間を有効活用しようと思っていたが、Wi-Fi接続が不安定で、仕事が全く進まなかった。コストを払ったのに、あんなに使えないネット接続はあり得ない。さらに、シートの音量がバラバラで、快適に映画を楽しめなかった。,-,-,-,-,-,-,-,-,-,Wi-Fi接続が不安定で仕事が全く進まず、コストを払ったにもかかわらず使い物にならなかった。,プレミアムエコノミーの料金を支払ったのに、Wi-Fi接続が不安定で仕事が全く進まなかった。,-,何度も頼みごとをすると、明らかに不快そうな顔をされて返答が遅かった。,シートの音量がバラバラで、映画を快適に楽しめなかった。,B905-12,2025-05-04,NRT-CDG,Premium Economy,False,2,2,4,4,3,1,3,3
54,84,2024-12-15,私は家族でよく海外旅行に行くのですが、最近はコロナ禍での規制が緩和されたこともあり、久しぶりに海外旅行を楽しんできました。利用した航空会社は以前も利用したことがあり、機内食も美味しかったので期待していたのですが、残念な点がいくつかありました。まず、機内の広告が多すぎて、映画を楽しんでいる最中でも何度も中断されてストレスでした。また、フライト中、飲み物のサービスをお願いしたが、スタッフが何度も通り過ぎてしまい、最終的に自分でカートまで取りに行く羽目になった。搭乗客数に対して十分な人数がいたはずなのに、どうしてこんなに対応が遅いのか理解できなかった。,機内食が美味しかったので期待していた。,-,-,-,-,-,-,フライト中に飲み物サービスを頼んだが、スタッフが何度も通り過ぎてしまい、結局自分でカートまで取りに行かなければならなかった。,フライト中に飲み物サービスを頼んだが、スタッフが何度も通り過ぎてしまい、結局自分でカートまで取りに行かなければならなかった。,-,-,-,飲み物のサービスを依頼したにもかかわらず、スタッフが何度も通り過ぎてしまい、結局自分でカートまで取りに行かなければならなかった。,-,S410-XLR,2024-12-14,HND-SFO,Business Class,False,2,2,4,3,4,4,3,3
55,78,2024-12-31,今回初めてビジネスクラスを利用したが、高い料金を払った価値があり、快適な座席、優れたサービス、そして美味しい食事に満足した。料金が高かったが、その分だけ快適さが充実しており、全体的に大満足のフライトだった。私は普段あまり海外旅行をしないので、贅沢な時間を楽しんだ。長時間のフライトで、機内食を楽しみにしていたが、食事の量が少なく、物足りなかった。もう少しボリュームが欲しい。,美味しい食事に満足した。,-,-,高い料金を払ったが、快適な座席、優れたサービス、美味しい食事が充実しており、その価値は十分にあった。,-,優れたサービスに満足した。,高い料金を払った価値があり、快適な座席に満足した。,機内食の量が少なく物足りなかったので、もう少しボリュームが欲しい。,機内食の量が少なく物足りなかったので、もう少しボリュームが欲しい。,-,-,-,-,-,B905-12,2024-12-30,NRT-CDG,First Class,True,4,4,3,3,5,3,4,3
56,19,2025-03-27,友人の結婚式に出席するために、久しぶりに海外へ旅行しました。約10時間の長距離フライトでしたが、機内エンタメの選択肢が豊富で、最新の映画やドラマ、音楽などを楽しむことができ、退屈せずに過ごすことができました。しかし、座席に着いたところ、シートカバーが汚れていたので少し残念でした。もっと清潔に保って欲しいと思います。,-,最新の映画やドラマ、音楽などの選択肢が豊富で、10時間の長距離フライトでも退屈せずに過ごせました。,-,-,-,-,-,-,-,-,-,-,-,シートカバーが汚れていたので、もっと清潔に保って欲しいと思いました。,A450-800,2025-03-26,NRT-CDG,Premium Economy,True,4,5,3,4,4,4,4,3
57,44,2025-01-05,先日、家族で海外旅行に行った際、利用した航空会社のサービスに感動しました。機内エンターテイメントで子ども向けのアニメーション映画が充実しており、子どもが機内で退屈することなく過ごせました。映像が美しく、映画館で観るような臨場感を楽しめました。素晴らしい体験です。しかし、飛行中に気流の乱れがあり、緊急の対応が必要だった際に、スタッフが指示を出してくれず、周囲の乗客が混乱していた。スタッフはもっと冷静に指導してくれるべきだった。,-,子ども向けアニメーション映画が充実しており、映像が美しく映画館のような臨場感で、子どもが退屈せずに過ごせました。,-,-,-,-,-,-,-,-,-,-,気流の乱れで緊急対応が必要な状況でスタッフが指示を出さず、乗客が混乱していたので、もっと冷静な指導が必要だった。,-,A470-900,2025-01-04,NRT-CDG,Premium Economy,True,4,5,4,4,4,3,1,3
58,76,2024-11-21,私は普段あまり海外旅行に行く機会がないのですが、たまたま仕事でアメリカに行くことになり、評判の良いこの航空会社を利用しました。初めての海外旅行で不安もありましたが、空港内の案内所での対応が非常に親切で、私の質問に丁寧に答えてくれたので安心して旅行を進められました。料金は少し高いと感じましたが、機内サービスや座席の快適さ、エンタメが素晴らしく、全体的に非常に満足しました。,-,エンタメが素晴らしく、全体的な満足度に貢献していました。,-,料金は少し高いと感じたが、機内サービスや座席の快適さ、エンターテイメントが素晴らしく、全体的に非常に満足できた。,空港内の案内所での対応が非常に親切で、質問に丁寧に答えてくれたおかげで安心して旅行を進められました。,-,座席が快適で、機内エンターテイメントも素晴らしかったです。,-,-,-,料金は少し高いと感じました。,-,-,-,A390-100,2024-11-20,NRT-CDG,Premium Economy,True,5,3,4,4,4,3,4,3
59,85,2025-02-13,先日利用したビジネスクラスの機内食が非常にシンプルで、期待外れだった。もっと豪華なメニューを提供してほしい。私は普段から仕事で海外出張することが多く、ビジネスクラスを利用する機会が多いが、今回のフライトでは高い料金に見合ったサービスが期待できなかった。特にフライト中の快適さが不足していて、価格に見合わないと感じた。,-,-,-,-,-,-,-,ビジネスクラスの機内食が非常にシンプルで期待外れだったため、高い料金に見合った豪華なメニューを提供してほしい。,ビジネスクラスの機内食が非常にシンプルで期待外れだったため、高い料金に見合った豪華なメニューを提供してほしい。,-,ビジネスクラスの高額な料金に対して、シンプルな機内食や快適さの不足など、サービスの質が見合っていない。,-,-,フライト中の快適さが不足していて、高額なビジネスクラス料金に見合わないと感じた。,A425-900,2025-02-12,NRT-SIN,Economy Class,False,2,4,3,1,3,4,3,3
60,58,2025-03-07,最近、家族で海外旅行に行くために航空会社を利用しました。私は仕事の関係で時差の関係でなかなか寝付けないことが多く、フライト中にリラックスできるサービスがあると嬉しいと思っていました。機内Wi-Fiが快適で、フライト中の暇つぶしにピッタリだったので、次回のフライトもぜひ使いたいと思いました。また、音楽のプレイリストが豊富で、リラックスできる時間を提供してくれました。次回も楽しみにしています。しかし、荷物を受け取る際、他の乗客との混雑でぶつかり合いがありましたが、スタッフは対応せず、誰も問題を解決しなかったので、もっと注意深く運営してほしいと思いました。,-,快適な機内Wi-Fiでフライト中の暇つぶしができ、豊富な音楽プレイリストでリラックスできる時間を過ごせました。,快適な機内Wi-Fiがフライト中の暇つぶしにピッタリで、次回のフライトでもぜひ利用したいと思った。,-,-,-,-,-,-,-,-,荷物受取時に乗客同士がぶつかり合う混雑があったのに、スタッフは対応せず問題解決しなかった。,荷物受け取り時の混雑でぶつかり合いがあったのに、スタッフは対応せず問題解決をしなかった。,-,B830-10,2025-03-06,HND-LHR,Premium Economy,True,4,3,3,3,4,3,3,3
41,82,2025-03-13,今回初めて利用したこの航空会社は、全体的に期待していたサービスとは異なりました。まず、座席が古くてあまり清潔感がありませんでした。座ったときにちょっとした不快感があり、さらにリクライニングもほとんど倒れずリラックスできませんでした。改善を強く希望します。一方で、空港内で小さな問題が発生した際、スタッフがすぐに気づいて声をかけてくれたことは感動的で、安心感を得ることができました。,-,-,-,-,空港内で小さな問題が発生した際、スタッフがすぐに気づいて声をかけてくれたことで安心感を得られました。,-,-,-,-,-,-,-,-,座席が古く清潔感がなく、座ると不快感があり、リクライニングもほとんど倒れないためリラックスできなかった。,B905-12,2025-03-12,NRT-CDG,First Class,True,3,3,3,3,4,4,4,4
42,65,2025-04-17,私は普段あまり海外旅行に行く機会がないので、今回は贅沢にビジネスクラスでロサンゼルスへ行きました。高額な料金を支払ったにもかかわらず、機内食やサービスに不満があり、全体的にコスパが悪いと感じました。しかしフライト中にオンラインで映画を観たかったが、Wi-Fiの接続がとても速く快適に視聴でき、長時間のフライトでも全く問題ありませんでした。,-,Wi-Fiの接続が非常に速く、長時間のフライトでも映画を快適に視聴できました。,Wi-Fiの接続が非常に速く、長時間フライト中でも映画を快適に視聴できました。,-,-,-,-,高額なビジネスクラス料金に見合わない機内食のクオリティに不満を感じました。,高額なビジネスクラス料金に見合わない機内食のクオリティに不満を感じました。,-,高額なビジネスクラス料金を支払ったのに、機内食やサービスが期待に見合わず、全体的にコストパフォーマンスが悪かった。,-,-,-,E180-E2,2025-04-16,HND-CTS,Economy Class,False,4,4,4,3,3,5,4,3
43,73,2025-04-14,先日は海外赴任先から家族に会うために利用しました。座席の後ろに座っていた乗客が体調不良になった際、スタッフがすぐに動き出し、冷静に適切な対応をしたので私も安心して過ごせました。しかし他の航空会社に比べて料金が高いにも関わらず、サービスのクオリティが低いと感じたため、次回はもっとコスパの良い航空会社を選ぶかもしれません。実際、高額な料金を支払った割には、座席の快適さも中途半端で、他の航空会社と大差なく、コスパが悪かったです。,-,-,-,-,-,体調不良の乗客がいた際、スタッフが迅速かつ冷静に適切な対応をしてくれたので安心して過ごせました。,-,-,-,-,高額な料金を支払ったにもかかわらず、座席の快適さが中途半端で他社と大差なく、サービスのクオリティも低いためコスパが悪かった。,-,-,高額な料金を支払った割には座席が中途半端で他社と大差なく、コスパが悪かった。,S385-TP,2025-04-12,HND-LHR,First Class,False,3,3,3,4,3,4,5,3
44,41,2025-03-24,最近、海外旅行でよく飛行機を利用するようになった。特に国際線は長時間になることが多いので、機内でのサービスはとても重要だ。先日利用した航空会社では、機内食の選択肢が豊富で、いろんな国の料理を楽しめたのが嬉しかった。フライト中に異文化を味わうことができ、旅行のワクワク感がさらに高まった。しかし、エンターテイメントに関しては少し残念な点があった。映画を楽しもうと思ったが、英語字幕が不完全で、ストーリーを十分に理解できなかった。字幕の品質をもっと向上させてほしい。,機内食の選択肢が豊富で様々な国の料理を楽しめ、フライト中に異文化を味わえたことで旅行の高揚感が増した。,-,-,-,-,-,-,-,-,-,-,-,-,-,A430-200,2025-03-23,NRT-LHR,Premium Economy,True,4,3,3,4,3,3,3,3
45,54,2024-12-12,先日は初めて海外旅行でアメリカへ行きました。普段は仕事で忙しいので、長距離フライトは大変疲れるのですが、今回利用した航空サービスはとても快適でした。機内のWi-Fi接続が非常に安定していて、快適に映画や動画を楽しめました。次回も利用したいです。機内食も良かったです。飲み物の種類が多く、どれも美味しくてリフレッシュできました。特に機内でのフルーツジュースはとても美味しかったです。,機内食が良く、特に種類豊富な飲み物はどれも美味しくてリフレッシュでき、フルーツジュースは特に美味しかった。,機内のWi-Fi接続が非常に安定していて、映画や動画を快適に楽しむことができました。,機内のWi-Fi接続が非常に安定していて、快適に映画や動画を楽しめました。,-,-,-,-,-,-,-,-,-,-,-,E260-E3,2024-12-11,HND-LHR,Premium Economy,True,5,5,4,3,4,4,3,4
46,104,2025-04-23,先日、60代の父を伴う家族旅行で飛行機を利用しました。機内エンターテイメントの操作が難しく、メニューもアイコンも小さくて読みにくかったため、父は操作を諦めて窓側で腕組みをしていました。残りのフライト時間があと8時間もあると言うと、ため息をつかれていました。また、コンテンツの読み込みが非常に遅く、乗り物酔いしていた私は、待たされるのが辛かったです。,-,-,-,-,-,-,-,-,-,コンテンツの読み込みが非常に遅く、乗り物酔いしている状態では特に辛かったです。,-,-,-,-,E180-E2,2025-04-22,HND-SFO,Economy Class,False,2,2,4,4,3,3,3,4
47,10,2025-03-23,最近、海外旅行で長時間のフライトを利用しました。私は仕事の関係で頻繁に海外を訪れるため、機内での快適さは非常に重要です。今回のフライトでは、機内食が単調で同じメニューが繰り返し出されて飽きてしまいました。もっとバラエティに富んだメニューが欲しいと思いました。また、長時間座っていると座席が硬く感じられ、腰が痛くなりました。しかし、フライト後に空港スタッフが私の荷物を早急に手配してくれて、他の乗客と比べてスムーズに荷物を受け取ることができました。スタッフの気配りが素晴らしかったです。,-,-,-,-,空港スタッフが荷物を早急に手配してくれたおかげで、他の乗客よりもスムーズに受け取ることができ、その気配りに感謝しています。,-,-,機内食が単調で同じメニューが繰り返し出され、もっとバラエティに富んだメニューが欲しいと感じた。,機内食が単調で同じメニューが繰り返し出され、もっとバラエティに富んだメニューが欲しいと感じた。,-,-,-,-,長時間座っていると座席が硬く感じられ、腰が痛くなりました。,A390-100,2025-03-22,HND-SFO,Economy Class,False,3,4,1,3,3,4,4,4
48,70,2025-02-08,私は年に数回海外旅行をするのが趣味で、今回も友人との久しぶりの再会のためにヨーロッパへ向かいました。搭乗した航空会社は初めてでしたが、座席のシートが温かく、寒さを感じることなく過ごせました。すごくありがたかったです。ただ、長時間フライトで何度も飲み物をお願いしたにも関わらず、やっと持ってきた飲み物が冷たすぎて、結局飲めなかった。サービスのクオリティに一貫性がないと感じました。また、機内食が思った以上に脂っこく、消化に時間がかかってフライト後も気分が優れなかったので、もっと軽めのメニューが欲しいと思いました。,-,-,-,-,-,-,座席のシートが温かく、寒さを感じることなく過ごせました。,飲み物が冷たすぎて飲めず、機内食も脂っこくて消化に時間がかかり、フライト後も気分が優れなかった。,飲み物が冷たすぎて飲めず、機内食も脂っこくて消化に時間がかかり、フライト後も気分が優れなかった。,-,-,-,何度も飲み物をお願いしたのにやっと持ってきた飲み物が冷たすぎて飲めず、サービスの一貫性がないと感じた。,-,A430-200,2025-02-07,NRT-LHR,Business Class,False,4,3,3,3,3,4,3,4
49,69,2025-04-14,今回のロンドンへの出張では、初めてこちらの航空会社のサービスを利用しました。長い出張で疲れを少しでも軽減したかったので、高額ではありましたが満足できるサービスを期待してこの航空会社を選びました。実際、機内の快適さと食事、飲み物の質はとても良かったです。高額なチケット代でも十分に納得できるサービスでした。しかし、食事の準備が遅く、ずっと待たされたのは残念でした。長時間フライトの中で、この待機時間がストレスになってしまいました。,機内食と飲み物の質はとても良く、高額なチケット代に見合う満足度でした。,-,-,高額なチケット代でしたが、機内の快適さと食事・飲み物の質の良さで十分に納得できるサービスでした。,-,-,機内の快適さは非常に良く、高額なチケット代でも納得できるレベルでした。,食事の準備が遅く長時間待たされたため、長時間フライト中にストレスを感じた。,食事の準備が遅く長時間待たされたため、長時間フライト中にストレスを感じた。,-,高額なチケット代を支払ったにもかかわらず、食事の準備が遅く長時間待たされたことがストレスになった。,-,食事の準備が遅く、長時間フライト中の待機時間がストレスになりました。,-,S360-TP,2025-04-13,HND-CTS,Economy Class,True,4,4,3,3,4,3,4,3
50,109,2025-02-16,私は家族でアメリカへの旅行を計画し、快適なフライトを期待してこの航空会社を選びました。チケット代は少し高めでしたが、座席の広さやエンタメの質の高さに期待していました。実際、搭乗してみると期待以上の快適さで、特に座席の広さとエンタメの質は他の航空会社とは一線を画していました。映画や音楽を楽しみながらリラックスできたので、長距離フライトもあっという間に感じました。また、機内でのサービスも行き届いており、スタッフの対応も非常に親切でした。特に、機内のトイレで急に子どもが不安そうになったとき、スタッフがすぐに駆け寄り、優しく声をかけてくれたのは印象的でした。素晴らしい対応に感謝しています。,-,映画や音楽の質が高く、長距離フライトもリラックスして楽しめました。,-,チケット代は少し高めでしたが、座席の広さとエンタメの質の高さが期待以上で、長距離フライトも快適に過ごせました。,-,機内でのサービスが行き届いており、特に子どもが不安そうになった際にスタッフがすぐに駆け寄り優しく声をかけてくれた対応が印象的でした。,座席が広く、他社とは一線を画す快適さで、長距離フライトもリラックスして過ごせました。,-,-,-,-,-,-,-,E180-E2,2025-02-15,NRT-CDG,Premium Economy,True,5,4,4,3,3,3,4,3
21,2,2025-04-25,先月、久しぶりに海外出張でアメリカに行くことになり、会社のメンバーと一緒に成田からシカゴへ向かうフライトを利用しました。私はオンライン会議を多用するため、機内でのインターネット接続を事前に手配していたのですが、接続も遅く、途中で切れることもあり、非常に使いづらかったです。フライト中の仕事に支障をきたしました。ただ、座席のリクエストをした際、スタッフが快く対応してくれたおかげで、飛行機内での時間が非常に快適だったので、プロフェッショナルな接客には満足しました。,-,-,-,-,座席リクエストに対してスタッフが快く対応してくれたおかげで、機内での時間が非常に快適でした。,スタッフが座席リクエストに快く対応してくれたおかげで、フライト中の時間が非常に快適でした。,スタッフが座席リクエストに快く対応してくれたおかげで、飛行機内での時間が非常に快適でした。,-,-,機内インターネット接続が遅く、途中で切断されることがあり、フライト中の業務に支障をきたした。,機内インターネット接続が遅く途中で切れることもあり、事前に手配していたにも関わらず仕事に支障をきたした。,-,-,-,E260-E3,2025-04-24,NRT-CDG,Business Class,True,3,3,3,3,4,3,4,3
22,37,2024-11-19,先月、久しぶりに海外旅行でアメリカに行ってきた。仕事の都合で、プレエコのチケットを取った。映画を楽しみにしていたが、スクリーン解像度が荒く、字幕がぼやけて読めず目が痛い。途中でギブアップしてスマホ読書に切り替えたが、照明が暗くて頭痛がした。しかし、他の便では、映像の画質が非常に高く、映画を最高の状態で楽しめた。機内設備は便によりけりなんだなと実感した。,-,他の便では映像の画質が非常に高く、映画を最高の状態で楽しめた。,-,-,-,-,-,-,-,-,-,-,-,-,A390-100,2024-11-18,NRT-LHR,Business Class,True,3,5,3,3,3,3,3,4
23,72,2024-11-27,私は普段から仕事の関係で頻繁に海外出張しています。最近は特にアジア圏への移動が多く、今回もシンガポールへ行ってきました。利用した航空会社は初めてでしたが、とても快適なフライトでした。インターネットがすぐに使え、旅行中に調べ物や仕事ができたのでストレスなくフライト時間を有効に活用できて満足。機内で提供されるエンタメコンテンツが多岐にわたり、毎回違った映画や番組を楽しめました。機内食も美味しかったです。,機内食が美味しかったです。,多岐にわたるエンタメコンテンツが充実していて、毎回違った映画や番組を楽しめました。,インターネットがすぐに使えたので、旅行中の調べ物や仕事ができてストレスなくフライト時間を有効活用できました。,-,-,-,-,-,-,-,-,-,-,-,S360-TP,2024-11-26,HND-SFO,Economy Class,True,5,5,4,3,3,4,4,3
24,95,2025-02-11,先日は久しぶりに海外旅行で日本からフランスのパリへ行きました。10時間以上のフライトで心配だったのが機内での過ごしやすさですが、座席が新しくて清潔感があり、長時間座っても不快感がありませんでした。機内エンターテイメントも楽しみにしていたのですが、映画を選ぶ際にジャンルごとに絞り込む機能がないので、見たい映画を探すのに時間がかかりすぎました。,-,-,-,-,-,-,座席が新しくて清潔感があり、長時間座っても不快感がありませんでした。,-,-,-,-,-,-,-,B905-12,2025-02-10,NRT-CDG,Business Class,True,4,2,3,3,3,4,4,3
25,22,2025-02-28,私は仕事でよく海外に行くので、年に数回は航空サービスを利用します。最近利用した際、シートの肘掛けが硬くて、長時間のフライトでは腕が痛くなりました。しかし、機内サービスは大変良かったです。飲み物のサービスを頼んだ際、飲み物が目の前に現れたとき、スタッフは非常にフレンドリーで、私の名前まで呼んでくれた。気配りが素晴らしかった。,飲み物のサービスを頼んだ際、スタッフが非常にフレンドリーで名前まで呼んでくれ、気配りが素晴らしかった。,-,-,-,-,スタッフが非常にフレンドリーで名前を呼んでくれ、飲み物サービスの際の気配りが素晴らしかった。,-,-,-,-,-,-,-,シートの肘掛けが硬く、長時間のフライトで腕が痛くなりました。,E260-E3,2025-02-27,HND-SFO,Business Class,True,4,4,3,3,4,4,4,3
26,36,2025-02-22,私は普段から仕事で月に5本も飛行機を利用する常連です。最近、海外出張で乗り継ぎを伴う長い旅がありました。合計4フライトすべてでBricksを利用したのですが、エンターテイメントのラインナップが全便同じだったので、とても退屈に感じました。映画や音楽の選択肢が豊富ならまだしも、同じコンテンツが繰り返されるのは期待外れでした。また、現地情報のコーナーがあまり役に立ちませんでした。すでにネットで調べた内容とほとんど変わらず、旅行前に必要な情報を得るという点ではあまり有益ではありませんでした。,-,-,-,-,-,-,-,-,-,-,-,-,-,-,A425-900,2025-02-21,HND-ITM,Premium Economy,False,2,2,3,3,4,4,3,3
27,35,2025-04-02,先日初めて海外旅行で海外航空のビジネスクラスを利用しました。普段はあまり旅行をしないので、ビジネスクラスを利用できるチケットを取ってみました。隣の席が非常に近く、リラックスして座れませんでした。もっとスペースを広げてほしいです。機内で提供された飲み物が温かったのも残念でした。暖かい飲み物をお願いしたのに、冷めたコーヒーが出てきてがっかりしました。さらに、座席が前後に動かなくて足元が窮屈で苦痛でした。改善が必要です。,-,-,-,-,-,-,-,暖かい飲み物をお願いしたのに冷めたコーヒーが提供され、がっかりした。,暖かい飲み物をお願いしたのに冷めたコーヒーが提供され、がっかりした。,-,ビジネスクラスを利用したのに、座席が近すぎてリラックスできず、座席の可動性も悪く足元が窮屈で、温かいはずの飲み物も冷めていて、料金に見合うサービスではなかった。,-,暖かい飲み物をお願いしたのに、冷めたコーヒーが提供されてがっかりした。,隣の席が非常に近くリラックスできず、座席が前後に動かないため足元が窮屈で苦痛でした。,A450-800,2025-04-01,NRT-LHR,Business Class,False,2,3,3,2,4,3,3,3
28,73,2025-05-04,今回の旅行は3週間前に予約しましたが、飛行機内でWi-Fiを使って、旅行のプランを立てたり、現地の観光情報を調べたりできて非常に便利だったので、次回も利用したいと思いました。また、機内エンタメのゲームが面白く、暇な時間を楽しく過ごせました。もっとたくさんのゲームをプレイしたいです。しかし、価格が高い割に、サービスの質が低く、最終的には高い料金を支払うことが無駄に思えたのが残念でした。,-,ゲームが面白く暇な時間を楽しく過ごせたが、もっと多くのゲームをプレイしたい。,飛行機内でWi-Fiを使って旅行プランを立てたり現地の観光情報を調べたりできて非常に便利だった。,-,-,-,-,-,-,-,価格が高い割に、サービスの質が低く、最終的には高い料金を支払うことが無駄に感じた。,-,-,-,S360-TP,2025-05-03,HND-ITM,First Class,False,4,5,4,3,1,4,4,3
29,77,2025-01-03,最近リモートワークを始めたので、移動中に仕事ができるのは本当に助かる。今回のフライトでもWi-Fi接続がスムーズで、ストレスなく作業を進められたのはありがたかった。しかし、料金が高い割に提供されるアメニティが非常に基本的で、もっと高品質なサービスを提供すべきだと感じた。価格に見合ったサービスを提供されると思っていたが、実際には不便な点が目立ち、サービス内容に満足できなかった。,-,-,フライト中のWi-Fi接続がスムーズで、リモートワークをストレスなく進められた。,-,-,-,-,-,-,-,料金が高い割に提供されるアメニティが非常に基本的で、価格に見合ったサービスを期待していたが実際には不便な点が目立った。,料金が高い割に提供されるアメニティが非常に基本的で、価格に見合ったサービスが受けられず不満だった。,-,-,S360-TP,2025-01-02,NRT-SIN,Business Class,False,3,3,3,3,3,4,3,3
30,103,2025-01-04,私は普段から海外旅行を楽しんでおり、最近も家族と一緒に初めて訪れるヨーロッパへ行ってきました。長距離のフライトだったので、機内での過ごし方には特に気を配りました。まず、機内エンタメの音声が途切れがちで、映画に集中できませんでした。改善をお願いしたいです。しかし、機内食については事前にリクエストをしていたのですが、スタッフはしっかり覚えていて、私が希望した食事を提供してくれました。こうした配慮が本当にありがたかったです。,事前にリクエストした機内食をスタッフがしっかり覚えていて希望通りに提供してくれた配慮が本当にありがたかった。,-,-,-,-,事前にリクエストした食事をスタッフがしっかり覚えていて希望通りに提供してくれた配慮が本当にありがたかったです。,-,-,-,-,-,-,-,-,B812-6,2025-01-03,NRT-LHR,Premium Economy,True,4,2,3,4,4,4,4,4
61,83,2025-04-27,私は普段から出張で海外に行くことが多い。先日もアジアの某国へ行くため、利用する航空会社のチェックインカウンターへ向かった。タクシーサービスで、スタッフが迅速に手配してくれて、空港から目的地まで快適に移動できた。非常に便利だった。空港に到着すると、手荷物預けの際、スタッフが笑顔で対応してくれて、そのまま気持ちよく飛行機に向かうことができた。こうした接客が本当に大切だと思った。,-,-,-,-,タクシーサービスのスタッフが迅速に手配してくれたおかげで空港から目的地まで快適に移動でき、手荷物預けの際も笑顔で対応してもらえて気持ちよく搭乗できました。,-,-,-,-,-,-,-,-,-,A392-300,2025-04-26,HND-ITM,Business Class,True,5,4,3,4,4,4,3,4
62,67,2025-03-23,先日利用した際、事前に食事のアレルギー対応を頼んだのに、アレルギー物質が含まれているものが出されてしまった。安全性をもっと重視してほしい。あと機内は長時間座っているので身体に負担がかかるが、シートベルトが短くて身動きが取りづらかった。もっと余裕が欲しいです。私は普段から海外旅行をしており、年に数回は飛行機を利用します。,-,-,-,-,-,-,-,事前に伝えたアレルギー対応が無視され、アレルギー物質が含まれた食事が提供された。,事前に伝えたアレルギー対応が無視され、アレルギー物質が含まれた食事が提供された。,-,-,-,-,シートベルトが短くて身動きが取りづらく、長時間のフライトで体に負担がかかった。,A450-800,2025-03-22,HND-SFO,Business Class,False,2,3,2,1,3,3,3,3
63,3,2025-03-02,最近、家族で海外旅行に行くために高額な航空券を購入した。飛行機内でのエンタメが古く、全体的に料金に見合う価値がないと感じたが、提供された機内食は非常に軽く、消化に負担をかけず、フライト後も快適に過ごすことができた。,機内食は非常に軽く消化に負担をかけないため、フライト後も快適に過ごせました。,-,-,-,-,-,-,-,-,-,飛行機内のエンタメが古く、高額な航空券の料金に見合う価値がなかった。,-,-,-,S385-TP,2025-03-01,NRT-LHR,First Class,False,3,4,4,4,2,4,3,3
64,57,2025-04-27,最近家族で飛行機を利用しました。息子はアニメ好きで機内エンターテイメントを楽しみにしていましたが、最新アニメがシーズン1の第1話だけだったことにがっかりしていました。私自身は重要なメールを送るために機内Wi-Fiを利用しようとしたのですが、接続が悪くてうまく送れませんでした。残念でした。機内食は家族みんなで楽しみにしていたのですが、子ども向けのメニューが予想以上に美味しくて、子どもたちも大満足でした。,子ども向けの機内食メニューが予想以上に美味しく、子どもたちも大満足でした。,-,-,-,-,-,-,-,-,重要なメールを送信しようとしたが、機内Wi-Fiの接続が悪く送信できなかった。,-,-,-,-,A430-200,2025-04-26,HND-SFO,Business Class,False,3,2,3,4,4,2,3,4
65,49,2025-02-03,先日は家族で海外旅行に行くため、プレミアムエコノミーでフライトしました。子供が騒がしくて周りに気を遣ったのですが、空港内の清掃が行き届いており、快適に過ごせた。スタッフがすぐに気づき、テーブルを整理してくれるなど、細やかな気配りが感じられた。また長時間のフライトでも座席がしっかりサポートしてくれて、快適に過ごせました。,-,-,-,プレミアムエコノミーは長時間フライトでも座席が体をしっかりサポートしてくれて快適でした。,空港内の清掃が行き届いており、スタッフがすぐに気づいてテーブルを整理してくれるなど細やかな気配りが感じられました。,スタッフがすぐに気づいてテーブルを整理してくれるなど、細やかな気配りが感じられました。,長時間のフライトでも座席がしっかりサポートしてくれて、快適に過ごせました。,-,-,-,-,-,-,-,A470-900,2025-02-02,HND-LHR,Premium Economy,True,5,4,4,3,4,3,3,3
66,94,2025-04-16,私は仕事でよく飛行機を利用します。最近、ある航空会社の便を利用した際、座席の快適さに驚きました。長時間座っていても腰が痛くならず、非常に快適でした。もっとこういう座席を増やしてほしいです。一方で、飛行機の中でネットを使う予定だったのですが、接続が遅く、ほとんど何もできませんでした。この点についてはサービスの向上を期待しています。,-,-,-,-,-,-,長時間座っていても腰が痛くならず、非常に快適だった。,-,-,機内インターネット接続が遅く、ほとんど何も利用できなかったため、この点のサービス向上を期待している。,-,-,-,-,B845-9,2025-04-15,HND-SFO,Economy Class,True,4,4,5,3,4,3,4,4
67,89,2024-11-21,最近、海外旅行で高級航空会社を利用したんです。チケット代はかなり高額でしたが、提供されるサービスが基本的なものであり、料金に見合った価値が感じられなかったのが残念でした。特に、座席の間に物が多すぎて、足を伸ばすスペースがありませんでした。料金に見合ったサービスではなく、特にフライト中のサービスが粗末で、期待していた価値が得られなかったです。,-,-,-,-,-,-,-,-,-,-,高額なチケット代に対して基本的なサービスしか提供されず、特に座席スペースの狭さとフライト中の粗末なサービスが期待した価値に見合っていなかった。,-,フライト中のサービスが粗末で、高額な料金に見合った価値が得られなかった。,座席の間に物が多すぎて足を伸ばすスペースがなかった。,S410-XLR,2024-11-20,HND-ITM,First Class,False,2,4,2,3,3,4,3,4
68,111,2024-11-18,私は仕事でよく海外に行くため、航空会社はBricks Airwaysをよく利用します。先日のフライトでも利用しましたが、機内エンタメコンテンツは選択肢が多すぎて逆に迷ってしまいます。シンプルに選びやすくしてほしいです。フライト中は何度も飲み物を頼んだが、毎回遅れてやってきたので、せっかくリラックスしていたのにストレスが増してしまいました。,-,選択肢が多く充実している,-,-,-,-,-,飲み物を頼んでも毎回遅れて提供されるため、リラックスできずにストレスが増してしまった。,飲み物を頼んでも毎回遅れて提供されるため、リラックスできずにストレスが増してしまった。,-,-,-,飲み物を何度頼んでも毎回遅れて提供されたため、リラックスできずストレスが増してしまった。,-,E260-E3,2024-11-17,NRT-CDG,Business Class,False,3,3,4,4,3,3,3,3
69,99,2025-02-04,先日利用した航空サービスは残念なことが続きました。まず、予定していたフライトが遅れ、空港で長時間待機することになってしまいました。しかし、スタッフはなかなか案内を出さず、他の航空会社の方がはるかに適切に対応していたので、違和感を感じました。さらに、機内エンタメのコンテンツに日本語のものが少なく、英語が苦手な私には全く楽しめませんでした。搭乗中もスタッフが忙しすぎるのか、笑顔や配慮を全く感じられなかったです。忙しい中でも最低限の礼儀や気配りをしてほしいと思いました。私は普段から海外旅行をよくするのですが、今回は特にがっかりでした。,-,-,-,-,-,-,-,-,-,-,-,フライトの遅延時に、スタッフからの案内が不足しており、他社と比べて対応が不適切だった。,搭乗中はスタッフが忙しそうで笑顔や配慮が全く感じられず、忙しくても最低限の礼儀や気配りがほしかった。,-,B830-10,2025-02-03,NRT-SIN,Premium Economy,False,1,2,3,4,4,4,3,3
70,81,2025-01-01,最近、家族で海外旅行に行くために貴社の航空会社を利用しました。普段から仕事で海外出張も多く、貴社のサービスは利用頻度が高いのですが、今回は残念な思いをしました。まず、機内でのWi-Fiサービスがつながらず、急ぎのビジネスメールを送信するのに大きな問題が生じました。仕事柄、メールは常にチェックしているので、つながらないと非常に困ります。さらに、家族旅行で長時間のフライトだったので、機内食に期待していたのですが、食事が味気なく、子どもがほとんど食べませんでした。もっと子ども向けのメニューが充実していれば助かったのですが、残念でした。,-,-,-,-,-,-,-,機内食が味気なく、子どもがほとんど食べられず、子ども向けメニューの充実が必要だった。,機内食が味気なく、子どもがほとんど食べられず、子ども向けメニューの充実が必要だった。,機内Wi-Fiがつながらず、急ぎのビジネスメールを送信できなかったため、仕事に支障をきたした。,-,-,-,-,S450-XLR,2024-12-31,HND-CTS,First Class,False,2,4,4,3,4,2,3,3
121,62,2025-02-13,私は普段あまり海外に行く機会がないのですが、たまたま仕事でアメリカに行くことになり、初めての海外旅行でワクワクしていました。搭乗した航空会社は初めて利用する会社だったので、どんなサービスを受けることができるのか楽しみにしていました。搭乗してまず感じたのは機内食の美味しさです。食事が美味しく、量も十分だったので、長時間フライトの疲れも和らぎました。料金は高かったですが、その分、サービスが素晴らしく、非常に満足できました。価格に見合った価値が提供されていたと思います。,機内食が美味しく量も十分で、長時間フライトの疲れが和らぎました。,-,-,料金は高めでしたが、美味しい機内食と素晴らしいサービスで、価格に見合った価値を十分に感じました。,-,-,-,-,-,-,-,-,-,-,S360-TP,2025-02-12,NRT-LHR,Economy Class,True,5,4,4,4,5,4,3,3
122,52,2025-02-20,私は普段からよく海外旅行をするが、最近はこの航空会社を利用している。映画だけでなく、現地情報や天気予報も表示されていて、旅行先の準備がしやすかった。しかし、長距離のフライトだったにも関わらず、出発からかなりの時間が経っても食事が提供されず、結局降りる寸前に出されて、急いで食べる羽目になった。もっと計画的に出してほしい。,-,映画だけでなく現地情報や天気予報も表示されていて、旅行先の準備がしやすかった。,-,-,-,-,-,長距離フライトなのに食事が遅く提供され、降りる直前に急いで食べることになったので、もっと計画的な提供を希望します。,長距離フライトなのに食事が遅く提供され、降りる直前に急いで食べることになったので、もっと計画的な提供を希望します。,-,-,-,長距離フライトなのに食事が遅く提供され、降りる直前に急いで食べることになったので、もっと計画的な食事提供を希望します。,-,S450-XLR,2025-02-19,HND-LHR,Premium Economy,True,4,5,3,3,3,4,3,3
123,87,2025-01-17,先日、久しぶりに海外旅行でアメリカへ行ってきました。普段あまり映画を観ない私ですが、10時間以上の長距離フライトの間は、フライト中に映画を見ようとしたけれど、Wi-Fiが途切れがちで何度も再接続を試みたものの、全然うまくいきませんでした。Wi-Fiの質が低すぎて、快適に過ごしたかっただけなのにストレスが溜まりました。せっかくの旅行で機内食を楽しみにしていたので、事前にベジタリアン用の機内食を予約していたのですが、普通の機内食が提供され、さらにスタッフが謝罪するどころか、面倒臭そうに対応されました。そんなミスがあっても、もう少し親切に対応してほしかったです。,-,-,-,-,-,-,-,事前予約したベジタリアン用の機内食が提供されず、スタッフが謝罪もせず面倒臭そうに対応した。,事前予約したベジタリアン用の機内食が提供されず、スタッフが謝罪もせず面倒臭そうに対応した。,長時間フライト中にWi-Fiが途切れがちで何度も再接続を試みたが全然うまくいかず、Wi-Fiの質が低すぎて快適に過ごせずストレスが溜まった。,-,-,ベジタリアン用の機内食を予約していたのに普通の機内食が提供され、スタッフは謝罪せず面倒くさそうに対応した。,-,A390-100,2025-01-16,NRT-CDG,Premium Economy,False,1,4,4,4,3,2,2,3
124,6,2024-11-27,先日は初めて海外旅行でシンガポールへ行きました。普段は家族で国内旅行ばかりで、海外は初めての経験でした。機内ではコンテンツ更新が遅く同じ映画ばかり見せられて飽きてしまいました。もっと新しいものを追加してほしいと思いました。料金は家族分でかなり高額になりましたが、それに見合った素晴らしいサービスと快適さを提供してもらえたのでよかったです。次回もぜひ利用したいと思いました。ただ最前列を指定したのに、空港スタッフの案内が遅く結局別の席を案内され、結果的に不便な席に座らされる羽目になってしまい残念でした。何度も確認したのに、少し残念な思いをしました。,-,-,-,料金は高額でしたが、素晴らしいサービスと快適さを提供してもらえたので満足しています。,-,-,-,-,-,-,-,空港スタッフの案内が遅く、事前に最前列を指定していたにも関わらず別の不便な席に案内されてしまった。,-,最前列を指定したのに空港スタッフの案内が遅く、結局不便な席に座らされてしまった。,E260-E3,2024-11-26,HND-CTS,Premium Economy,True,4,2,3,3,5,4,4,3
