feedback_id,user_id,product_id,rating,date,category,summary,positive_score,comment
28,9846,71,1.0,2023-12-23,コスパ・お得感,価格が高すぎて不満であり、再購入意思はない。,0.05,ここは本当に高すぎます。価格設定が非常に不満で、他の店と比べても倍以上の価格で買わされていると感じます。もう二度と買いません。
71,2010,75,1.0,2023-09-26,品揃え・在庫,品揃えが乏しく、欲しい商品が見つからない。,0.05,品揃えがひどい。欲しい商品が全く置いていないし、他の店舗で見かける商品すらない。何度も行ってもがっかりするばかりです。
6,465,61,2.0,2023-08-28,店舗設備・環境,店内は狭く商品整理が不十分で買い物しづらい。,0.15,店内の通路はやや狭く、商品があまり整理されていないと感じました。混雑している時間帯には歩きづらく、買い物がしにくかったです。改善してほしいです。
16,7602,48,2.0,2023-08-18,コスパ・お得感,セールが少なく、他店より魅力を感じにくい。,0.2,セールや特売があまり頻繁に行われないので、少しがっかりしています。お得感があまりないので、他の店に比べて魅力を感じにくいです。
64,7613,33,2.0,2023-03-24,品揃え・在庫,新商品の入荷が他店より遅い傾向がある。,0.35,新商品は時々見かけますが、他の店に比べると少し遅いかなと感じることがあります。
72,628,52,2.0,2023-06-26,コスパ・お得感,他店と比べて価格が割高に感じる。,0.2,価格が高いと感じることが多いです。特に他の店ではもっと安く買えることがあるので、ここでは少し割高に思ってしまいます。
90,3338,37,2.0,2023-11-06,店舗設備・環境,トイレとイートインスペースの清掃が不十分で不快感があった。,0.2,トイレは不潔ではないものの、清掃が行き届いておらず、少し不快感を感じました。イートインスペースもテーブルが汚れていて、清潔さが欠けていたので、もう少し気を使ってほしいと思いました。
92,5971,41,2.0,2023-12-12,品揃え・在庫,新商品の入荷頻度と入れ替えペースが遅い。,0.2,新商品があまり頻繁に入ってこないのが残念です。入れ替えのペースが遅いように感じます。
109,3105,33,2.0,2023-07-07,店舗設備・環境,トイレとイートインスペースの清掃が不十分で不快感があった。,0.2,トイレは不潔ではないものの、清掃が行き届いておらず、少し不快感を感じました。イートインスペースもテーブルが汚れていて、清潔さが欠けていたので、もう少し気を使ってほしいと思いました。
112,7473,30,2.0,2023-07-06,接客・サービス,店員は質問に答えたが、接客態度に改善の余地あり。,0.35,店員は質問には答えてくれたものの、少し無愛想に感じました。もう少し丁寧に対応してもらえたら、もっと気持ちよく買い物できたと思います。
118,3780,74,2.0,2023-06-18,接客・サービス,店員の態度が冷たく、温かみが欲しかった。,0.3,店員の態度は少し冷たかったです。簡単に説明はしてくれたものの、もう少し温かみがあればもっと快適に買い物できたかなと思います。
127,8042,92,2.0,2023-11-18,コスパ・お得感,セールは少なく、割引幅も小さいため失望している。,0.05,セールや特売がほとんどなく、あっても期待外れです。価格が高いままで、割引の幅も少なく、完全にがっかりしています。
188,7994,64,2.0,2023-10-19,品揃え・在庫,品揃えは良いが、在庫不足が時々あり改善を希望。,0.6,品揃えは悪くないですが、時々欲しい商品が売り切れていることがあります。もう少し在庫を多くしてもらえると嬉しいです。
8,3371,35,3.0,2023-08-03,接客・サービス,店員の態度は普通だが、もう少し親切さが欲しかった。,0.6,店員の態度はまあまあでしたが、もう少し明るくて親切だったらよかったかなと思います。それでも、問題なく買い物できたので、悪くはなかったです。
10,3978,58,3.0,2023-12-17,接客・サービス,店員の対応は少し遅かったが、最終的には問題なかった。,0.65,店員に質問したのですが、少しだけ対応が遅くて、少し不安になりました。でも、最終的には答えてくれたので、大きな問題ではありませんでした。
11,4001,25,3.0,2023-02-06,コスパ・お得感,他店に比べてポイント還元や割引の魅力が不足している。,0.2,ポイント還元や割引があっても、正直他の店ほどのインパクトはありません。もっと魅力的な制度を提供してほしいと思っています。
20,4757,9,3.0,2024-01-01,コスパ・お得感,他店と比べて特典の優遇が物足りない。,0.35,ポイント還元や割引があるけど、他の店に比べてそこまでお得感はありません。もう少し優遇されているといいなと思います。
21,9101,6,3.0,2023-06-22,品質,生鮮食品は時々新鮮さに欠けるが他店より良い。,0.55,生鮮食品は悪くないですが、たまに少し新鮮さに欠けることがあります。それでも、他の店に比べればまだマシです。
24,504,91,3.0,2023-02-05,品質,商品の品質にばらつきがあり、特に青果物の鮮度に不満がある。,0.3,商品の品質には少しばらつきがあります。特に果物や野菜は時々傷んでいることがあるので、もっと新鮮なものを期待していました。
29,9483,56,3.0,2023-02-13,接客・サービス,レジ対応は迅速だが笑顔と親しみやすさに欠けた。,0.55,レジ対応はまずまずでした。特に問題なく、商品を迅速に処理してくれましたが、笑顔が少なく感じました。価格に見合ったサービスだったかなと思いますが、もう少し親しみやすさがあれば良かったです。
33,6917,37,3.0,2023-02-09,店舗設備・環境,店内は整頓されているが狭く混雑していた。,0.65,店内は比較的きれいに整頓されていましたが、少し混雑していて通路が狭く感じることがありました。商品は見やすかったですが、もう少し広くしてくれるとありがたいです。
78,8194,22,3.0,2023-07-03,品揃え・在庫,おかずの品揃えは良いが、バリエーションを増やしてほしい。,0.65,おかずコーナーの品揃えは悪くないけれど、いつも同じなのでもっと工夫してもらえると嬉しいです。全体的には満足しています。
79,4194,66,3.0,2023-12-18,接客・サービス,レジ対応は丁寧だが時間がかかり改善の余地あり。,0.65,レジでの対応は丁寧でしたが、少し時間がかかってしまいました。価格に見合ったサービスだとは思いますが、もう少し速ければ、より満足度が高くなったのではないかと感じました。
86,9148,97,3.0,2023-02-04,店舗設備・環境,駐車場は広く清潔だが、一部に整理が必要な箇所あり。,0.65,駐車場は広めで、清潔感もありました。ただ、駐車場の一部にもう少し整理整頓が必要な部分があり、そこが少し気になりました。
87,4528,71,3.0,2023-05-15,接客・サービス,価格は妥当だが、商品とサービスの質が不十分。,0.35,価格はそこまで悪くないのですが、商品の質やサービスがその価格に見合っているとは言い切れません。特に接客がもう少し丁寧でスムーズだったら、全体的にもっと満足感が高かったと思います。
93,8772,6,3.0,2023-11-22,接客・サービス,スタッフの対応が遅く、接客の改善が必要。,0.3,スタッフの対応が遅かったです。何度か質問をしたのですが、すぐに答えてもらえなかったり、他のスタッフに確認する必要があったり。価格は問題ないですが、もう少しスムーズな接客が欲しいと思いました。
94,4635,63,3.0,2023-07-07,接客・サービス,店員の説明不足により確認に手間取った。,0.2,店員が少し説明が足りなかった気がします。何度か確認することになり、少し手間取ってしまいました。もう少し親切に案内してくれるとよかったと思います。
96,6748,34,3.0,2023-04-25,接客・サービス,レジ対応の改善で顧客満足度が上がる可能性あり。,0.35,レジで少し待たされましたし、対応も少し冷たかったです。お店の価格自体は悪くないですが、もう少し快適なレジ対応があれば、もっとリピーターになると思います。
102,7631,12,3.0,2023-07-12,接客・サービス,スタッフの対応は良いが接客スピードに改善の余地あり。,0.6,スタッフの対応は悪くはなかったのですが、ちょっと待たされたので、もう少しスムーズに接客が進めばいいと思います。値段に対しては特に問題なかったのですが、接客のスピードがもう少し速ければ、もっと快適に買い物できたかもしれません。
115,9210,13,3.0,2023-06-23,店舗設備・環境,店内は整理されているが一部商品が散らかっていた。,0.65,店内はきれいに整理されていて、通路も十分に広かったです。ただ、少し商品が散らかっている場所もあったので、もう少し気を使ってほしいとは思いました。
123,1985,22,3.0,2023-07-31,接客・サービス,店員の対応が素っ気なく、笑顔があれば良かった。,0.35,店員は悪くはないのですが、少し素っ気ない感じがしました。もう少し笑顔で接してくれると、もっと良い買い物ができたかなと思います。
129,4593,62,3.0,2023-09-23,接客・サービス,スタッフが質問を無視し、全く対応してくれなかった。,0.05,質問しても全然答えてくれず、無視されているような気分になりました。最終的にはスタッフがすれ違って通り過ぎただけで、全く助けてもらえませんでした。
137,2957,41,3.0,2023-07-13,店舗設備・環境,トイレとイートインスペースの清掃が不十分だった。,0.45,トイレは悪くはないですが、少し清掃が行き届いていない部分もありました。イートインスペースも普通で、特に問題はなかったけれど、もっと清潔感を感じられれば良かったと思います。
160,4914,41,3.0,2023-09-15,接客・サービス,店員の対応に一瞬不満があったが全体的には問題なし。,0.55,店員が案内してくれましたが、ちょっと不親切に感じた瞬間がありました。それでも、全体的には特に大きな問題ではありませんでした。
179,1985,71,3.0,2023-12-26,コスパ・お得感,セールの頻度が少なく、他店より物足りない印象。,0.35,セールや特売が時々ありますが、他の店舗と比べると少し物足りない感じがします。まあ、あっても利用するかどうかはその時次第ですが。
185,5324,35,3.0,2023-09-09,接客・サービス,価格と品質は満足だが接客サービスに改善の余地あり。,0.6,価格は他と比べて平均的で、商品自体の質も悪くはありませんでした。ただ、レジでの対応が少し遅かったり、サービスにもう少し工夫が欲しかったと感じる場面がありました。価格に対しては満足していますが、より良い体験を期待してしまいました。
187,9709,67,3.0,2023-10-30,コスパ・お得感,価格は高めだが、特に不満はない。,0.55,価格は少し高めに感じますが、特に不満があるわけではないです。もう少し安くなれば嬉しいですが、仕方ないかなとも思っています。
191,4435,80,3.0,2023-11-08,接客・サービス,店員の非協力的な対応で商品を自力で探した。,0.05,店員は全く協力的ではなく、説明が全く足りませんでした。迷ったまま店内をぐるぐる回る羽目になり、結局スタッフに頼らずに自力で探し出しました。
193,9176,61,3.0,2023-05-02,コスパ・お得感,おかずの味は不安定だが、価格の安さで利用継続中。,0.55,おかずはまずまずですが、たまにおいしくないものもあります。それでも安いので利用しています。
198,9845,11,3.0,2023-07-25,コスパ・お得感,安価でも品質が良く満足だが高額品はサービス向上を希望。,0.75,価格と商品の質は満足しています。安い価格帯の商品でもしっかりとした品質を保っており、良い買い物ができました。ただ、少し高めの商品を買う際には、もう少しサービス面でも特別感があると、さらに満足感が高くなったかなと思います。
199,2492,40,3.0,2023-11-29,接客・サービス,店員の説明が簡素で、より詳細な説明が欲しかった。,0.6,お店の人は簡単な説明をしてくれましたが、もう少し詳しく説明してくれたらよかったです。それでも、特に大きな問題はありませんでした。
1,3206,97,4.0,2023-04-09,接客・サービス,店員の対応は親切だが、返答速度に改善の余地あり。,0.75,店員は親切に対応してくれましたが、もう少し早く答えてもらえるともっと良かったです。ただ、全体的に良い印象を受けました。
4,3312,51,4.0,2023-03-27,品揃え・在庫,豊富な品揃えで珍しい商品も見つかる便利な店。,0.85,品揃えが豊富で、欲しい商品がだいたい揃っています。時々珍しい商品も見かけるので、そこも良いところです。
7,5364,75,4.0,2023-11-23,品揃え・在庫,豊富な品揃えで珍しい商品も見つかる店舗。,0.85,品揃えが豊富で、欲しい商品がだいたい揃っています。時々珍しい商品も見かけるので、そこも良いところです。
14,5092,37,4.0,2023-02-22,接客・サービス,親切な店員と清潔な店内で快適に買い物できた。,0.95,店員が非常にわかりやすく案内してくれたので、迷うことなく買い物できました。店舗の内装も清潔で、スタッフが常に気を配っている感じが伝わってきました。
18,1271,37,4.0,2023-01-27,コスパ・お得感,セールはお得だが頻度が少なく増加を望む。,0.6,セールや特売がたまに行われていて、まあまあお得に感じます。ただ、頻繁にあるわけではないので、もっとあればいいなと思います。
25,4213,79,4.0,2023-12-17,品揃え・在庫,商品の品揃えが豊富だった。,0.75,商品の品揃えが豊富でした。
26,3055,43,4.0,2023-04-05,店舗設備・環境,駐車場が広く清潔で、快適に利用できた。,0.95,駐車場が広く、清掃も行き届いていました。車を停めるスペースも多く、周囲が整備されていて、気持ちよく訪れることができました。
35,7969,11,4.0,2023-02-20,店舗設備・環境,店舗へのアクセスが便利だった。,0.75,店舗アクセスが便利でした。
36,528,80,4.0,2023-05-12,接客・サービス,店員の丁寧な対応で商品の場所がわかり助かった。,0.85,商品の場所がわからなくてお店の人に質問したら、丁寧に対応してくれて助かりました。
37,2891,67,4.0,2023-08-25,コスパ・お得感,適正価格で購入しやすいが、更なる割引を希望。,0.65,価格は適正だと思います。高すぎず、安すぎず、ちょうどいい価格帯で購入しやすいです。特に不満はないですが、もっとお得だと嬉しいです。
38,2910,28,4.0,2023-02-26,コスパ・お得感,ポイント還元や割引はあるが他店より少し劣る。,0.6,ポイント還元や割引があるのは嬉しいですが、他の店に比べると少しだけ劣る感じがします。でも、悪くはないです。
42,6003,75,4.0,2023-07-24,品揃え・在庫,チラシ商品の在庫不足が改善されれば満足度が上がる。,0.65,チラシの商品がすぐなくなる時があり、せっかく来店しても在庫切れで悲しく帰るしかないこともあります。全体的には満足しているので在庫だけもっとあると嬉しいです。
46,7805,10,4.0,2023-06-13,接客・サービス,レジ対応は丁寧だが混雑で時間がかかった。,0.75,レジでの対応はスムーズで、スタッフの笑顔がとても印象的でした。商品の袋詰めも丁寧にしてくれました。ただ、少し混雑していたため、もう少し早く対応してくれるともっと嬉しかったです。
54,8928,55,4.0,2023-04-28,コスパ・お得感,セールはたまにあるが、もっと頻繁にあるとよい。,0.6,セールや特売がたまに行われていて、まあまあお得に感じます。ただ、頻繁にあるわけではないので、もっとあればいいなと思います。
67,332,61,4.0,2023-12-10,コスパ・お得感,価格は特別安くはないが、満足できる水準。,0.65,価格はまあまあで、安すぎることはないですが、高すぎることもない感じです。特別安いわけではないですが、普通に満足しています。
76,5182,47,4.0,2023-09-06,コスパ・お得感,価格は特別安くはないが、満足できる水準。,0.6,価格はまあまあで、安すぎることはないですが、高すぎることもない感じです。特別安いわけではないですが、普通に満足しています。
85,3236,100,4.0,2023-05-10,コスパ・お得感,ポイント還元や割引はあるが、他店ほどの魅力はない。,0.55,ポイント還元や割引があって、そこそこお得感はありますが、他の店ほどのインパクトは感じません。悪くはないけれど、もっと充実しているとさらに良いです。
91,4673,57,4.0,2023-11-08,コスパ・お得感,適正価格で購入しやすいが、更なる割引を希望。,0.65,価格は適正だと思います。高すぎず、安すぎず、ちょうどいい価格帯で購入しやすいです。特に不満はないですが、もっとお得だと嬉しいです。
95,1002,27,4.0,2023-03-26,接客・サービス,笑顔で丁寧な店員のおかげで快適な買い物ができた。,0.95,店員が笑顔で、どんな質問にも丁寧に答えてくれたので、とても快適に過ごせました。すごく心地よい買い物ができて、次もここで買い物しようと思います。
100,4739,84,4.0,2023-03-09,その他,特に不満はなかった。,0.6,特に不満はありませんでした。
108,8281,66,4.0,2023-12-17,品揃え・在庫,常に新商品があり、訪問が楽しみな店舗。,0.95,常に新しい商品が入っていて、毎回訪れるのが楽しみです！新商品を見つけると、必ず手に取ってしまいます。
111,856,37,4.0,2023-02-14,接客・サービス,スタッフの対応が満足できるものだった。,0.85,スタッフの対応に満足しました。
120,3933,93,4.0,2023-06-09,品揃え・在庫,常に新商品があり、訪問が楽しみな店舗。,0.95,常に新しい商品が入っていて、毎回訪れるのが楽しみです！新商品を見つけると、必ず手に取ってしまいます。
121,2451,5,4.0,2023-02-28,接客・サービス,従業員の対応は機械的だが全体的に問題なし。,0.65,従業員はしっかり説明してくれましたが、少しだけ機械的な感じもしました。でも、対応自体は悪くなかったので、全体的には問題なく買い物できました。
124,4078,4,4.0,2023-07-01,店舗設備・環境,駐車場は便利だが清掃と整理が不十分。,0.45,駐車場は便利ですが、少し散らかっている感じがしました。車の通行には問題ありませんが、もう少し清掃や整理が行き届いていれば、より良い印象を受けたと思います。
126,7333,8,4.0,2023-09-04,接客・サービス,スタッフの対応はやや素っ気なく説明不足だが許容範囲。,0.45,スタッフの対応は悪くはないですが、他の店と比べると少しそっけない印象を受けました。説明が少し不十分に感じることもありましたが、特に大きな問題ではありませんでした。
138,7378,2,4.0,2023-04-21,接客・サービス,店員は少し不安そうだが親切で案内が分かりやすかった。,0.75,店員の案内はわかりやすく、すぐに目的の場所にたどり着けました。少しだけ不安そうな顔をしていたのが気になりましたが、親切さは感じました。
145,2047,7,4.0,2023-12-12,店舗設備・環境,トイレは清潔だが混雑し、イートインは快適。,0.65,トイレは清潔でしたが、少し混雑していたので、もう少し頻繁に掃除がされるとさらに良いと思います。イートインスペースは快適で、食事するには十分な環境でした。
146,65,21,4.0,2023-06-27,品揃え・在庫,新商品の入荷があり、訪問時に新しい発見がある。,0.75,新商品がたまに入っているので、足を運ぶたびに少し新しい発見があるのが良い点です。
156,4379,25,4.0,2023-01-16,コスパ・お得感,ポイント還元や割引はあるが、他店ほどの魅力はない。,0.55,ポイント還元や割引があって、そこそこお得感はありますが、他の店ほどのインパクトは感じません。悪くはないけれど、もっと充実しているとさらに良いです。
158,1388,89,4.0,2023-10-12,接客・サービス,従業員は親切だが、より親身な対応が望まれた。,0.55,従業員は親切でしたが、少し冷たい感じがしました。質問には答えてくれましたが、もう少し親身になってくれるとさらに良かったと思います。
162,5044,23,4.0,2023-02-06,コスパ・お得感,ポイント還元や割引はあるが他店より少し劣る。,0.6,ポイント還元や割引があるのは嬉しいですが、他の店に比べると少しだけ劣る感じがします。でも、悪くはないです。
163,680,26,4.0,2023-11-17,店舗設備・環境,店内の清潔さが安心感を与えた。,0.85,店内が清潔で安心できました。
170,2373,45,4.0,2023-10-29,品揃え・在庫,新商品の入荷があり、訪問時に新しい発見がある。,0.75,新商品がたまに入っているので、足を運ぶたびに少し新しい発見があるのが良い点です。
174,5963,83,4.0,2023-04-12,品質,新鮮で美味しい野菜や果物を含む高品質な商品。,0.85,ここの商品は全体的に良い品質だと思います。特に野菜や果物は新鮮で、美味しいです。
189,3818,13,4.0,2023-12-06,品質,新鮮で美味しい野菜や果物を含む高品質な商品。,0.85,ここの商品は全体的に良い品質だと思います。特に野菜や果物は新鮮で、美味しいです。
197,2958,74,4.0,2023-08-04,品揃え・在庫,チラシ商品の在庫不足が改善されれば満足度が上がる。,0.65,チラシの商品がすぐなくなる時があり、せっかく来店しても在庫切れで悲しく帰るしかないこともあります。全体的には満足しているので在庫だけもっとあると嬉しいです。
2,2856,3,5.0,2023-10-04,接客・サービス,店内の清潔さと接客の良さが印象的で再訪したい。,0.85,店内は綺麗だし、お店の人も気持ちいい対応してくれて良いですね。また利用したいと思います。
3,561,42,5.0,2023-09-24,コスパ・お得感,価格に対して高品質で最もお得なサービス。,0.95,価格に対して商品やサービスのクオリティが非常に高いです。どこに行ってもここが一番お得だと思います。
5,1768,43,5.0,2023-12-09,接客・サービス,店内の清潔さと接客の良さが印象的で再訪したい。,0.85,店内は綺麗だし、お店の人も気持ちいい対応してくれて良いですね。また利用したいと思います。
9,569,69,5.0,2023-02-28,接客・サービス,スタッフの対応は親切だが、接客速度に改善の余地あり。,0.85,スタッフの対応はとても良かったです。商品について詳しく説明してくれたり、質問にも親切に答えてくれたので安心して買い物ができました。ただ、もう少しスピードが速ければ、さらに良かったと思います。
12,4102,6,5.0,2023-02-02,接客・サービス,店員の親切で丁寧な対応に感動した。,0.95,店員さんがとても親切でした。困っているとすぐに気づいて、丁寧に説明してくれました。あんなに親身に対応してもらえたのは初めてで、感動しました！
13,6708,20,5.0,2023-12-20,接客・サービス,店内の清潔さと接客の良さが印象的で再訪したい。,0.85,店内は綺麗だし、お店の人も気持ちいい対応してくれて良いですね。また利用したいと思います。
15,6937,63,5.0,2023-04-04,接客・サービス,スタッフの対応は親切だが、接客速度に改善の余地あり。,0.85,スタッフの対応はとても良かったです。商品について詳しく説明してくれたり、質問にも親切に答えてくれたので安心して買い物ができました。ただ、もう少しスピードが速ければ、さらに良かったと思います。
17,7584,85,5.0,2023-02-18,品質,新鮮で高品質な食材、特に肉と魚が自慢の店。,0.95,ここのお店の食材は本当に新鮮で美味しい！特にお肉や魚は質が高くて、他のどの店でも同じクオリティは見たことがない。信頼しています。
19,7223,16,5.0,2023-07-23,コスパ・お得感,セールが充実しており、欲しい商品がお得に購入できる。,0.95,セールが大変充実していて、欲しかった商品が驚きの価格で手に入ることが多いです。毎回訪れるたびにお得な買い物ができて、本当にありがたいです。
22,8735,73,5.0,2023-04-06,店舗設備・環境,広々とした店内で商品が見やすく快適に買い物できた。,0.95,店内はとても広々としていて、通路も広くて歩きやすかったです。商品が綺麗に陳列されていて、どこに何があるかが一目でわかり、とても快適に買い物できました！
23,2580,29,5.0,2023-03-04,コスパ・お得感,セールや特売の割引が嬉しいが、もっと頻繁に開催してほしい。,0.75,セールや特売がたまに行われていて、割引もあるので嬉しいです。もっと頻繁にやってくれるとありがたいですね。
27,6104,99,5.0,2023-05-28,コスパ・お得感,セールが充実しており、欲しい商品がお得に購入できる。,0.95,セールが大変充実していて、欲しかった商品が驚きの価格で手に入ることが多いです。毎回訪れるたびにお得な買い物ができて、本当にありがたいです。
30,3564,48,5.0,2023-06-25,接客・サービス,スタッフの対応は良いが、接客スピードに改善の余地あり。,0.85,スタッフの対応はとても良かったです。商品について詳しく説明してくれたり、質問にも親切に答えてくれたので安心して買い物ができました。ただ、もう少しスピードが速ければ、さらに良かったと思います。
31,1183,74,5.0,2023-07-02,コスパ・お得感,この店は他店より安く高品質な商品が買える。,0.95,この店の価格は本当に素晴らしい！他の店では考えられないほど安くて、高品質の商品が手に入ります。特にお得感があり、いつも満足しています。
32,9541,8,5.0,2023-04-08,品揃え・在庫,他店にない珍しい商品が豊富に揃っている。,0.95,ここに来ると、本当に欲しかった商品がいつも見つかる！他の店では見かけないような珍しい商品まで取り揃えていて、毎回驚かされます。
34,1416,2,5.0,2023-07-29,品揃え・在庫,この店は珍しい商品が豊富で欲しいものが必ず見つかる。,0.95,ここに来ると、本当に欲しかった商品がいつも見つかる！他の店では見かけないような珍しい商品まで取り揃えていて、毎回驚かされます。
39,4102,45,5.0,2023-02-09,コスパ・お得感,高いポイント還元率と割引制度で利用するほどお得になる。,0.95,ポイント還元率が非常に高くて、割引制度も素晴らしい！何度も利用しているうちに、どんどんお得になっていく感覚があって、絶対にお得感があります。
40,1350,17,5.0,2023-06-15,店舗設備・環境,広々とした店内で商品が見やすく配置され、快適に買い物できた。,0.95,店内はとても広々としていて、通路も広くて歩きやすかったです。商品が綺麗に陳列されていて、どこに何があるかが一目でわかり、とても快適に買い物できました！
41,2843,90,5.0,2023-11-11,接客・サービス,店内が清潔で接客も良く、再訪したいと思える店。,0.85,店内は綺麗だし、お店の人も気持ちいい対応してくれて良いですね。また利用したいと思います。
43,5657,81,5.0,2023-03-25,コスパ・お得感,価格に対して高品質で最もお得なサービス。,0.95,価格に対して商品やサービスのクオリティが非常に高いです。どこに行ってもここが一番お得だと思います。
44,6329,73,5.0,2023-10-14,品揃え・在庫,他店にない珍しい商品が豊富に揃っている。,0.95,ここに来ると、本当に欲しかった商品がいつも見つかる！他の店では見かけないような珍しい商品まで取り揃えていて、毎回驚かされます。
45,7421,35,5.0,2023-07-12,コスパ・お得感,価格に対して高品質で最もお得なサービス。,0.95,価格に対して商品やサービスのクオリティが非常に高いです。どこに行ってもここが一番お得だと思います。
47,5684,18,5.0,2023-08-21,コスパ・お得感,この店は他店より安く高品質な商品が手に入る。,0.95,この店の価格は本当に素晴らしい！他の店では考えられないほど安くて、高品質の商品が手に入ります。特にお得感があり、いつも満足しています。
48,2949,28,5.0,2023-09-08,コスパ・お得感,他店より安価で高品質な商品が購入でき満足。,0.95,この店の価格は本当に素晴らしい！他の店では考えられないほど安くて、高品質の商品が手に入ります。特にお得感があり、いつも満足しています。
49,6076,38,5.0,2023-03-21,接客・サービス,スタッフの対応は親切だが、接客速度に改善の余地あり。,0.85,スタッフの対応はとても良かったです。商品について詳しく説明してくれたり、質問にも親切に答えてくれたので安心して買い物ができました。ただ、もう少しスピードが速ければ、さらに良かったと思います。
50,6805,17,5.0,2023-07-19,品揃え・在庫,他店にない珍しい商品が豊富に揃っている。,0.95,ここに来ると、本当に欲しかった商品がいつも見つかる！他の店では見かけないような珍しい商品まで取り揃えていて、毎回驚かされます。
51,5579,15,5.0,2023-10-31,コスパ・お得感,セールが充実しており、毎回お得に買い物ができる。,0.95,セールが大変充実していて、欲しかった商品が驚きの価格で手に入ることが多いです。毎回訪れるたびにお得な買い物ができて、本当にありがたいです。
52,7742,38,5.0,2023-08-21,コスパ・お得感,セールが充実しており、欲しい商品がお得に購入できる。,0.95,セールが大変充実していて、欲しかった商品が驚きの価格で手に入ることが多いです。毎回訪れるたびにお得な買い物ができて、本当にありがたいです。
53,4438,90,5.0,2023-11-07,接客・サービス,店員の親切で丁寧な対応に感動した。,0.95,店員さんがとても親切でした。困っているとすぐに気づいて、丁寧に説明してくれました。あんなに親身に対応してもらえたのは初めてで、感動しました！
55,4662,80,5.0,2023-05-08,品質,新鮮で高品質な食材、特に肉と魚が自慢の店。,0.95,ここのお店の食材は本当に新鮮で美味しい！特にお肉や魚は質が高くて、他のどの店でも同じクオリティは見たことがない。信頼しています。
56,1288,78,5.0,2023-08-09,品質,新鮮で高品質な食材、特に肉と魚が自慢のお店。,0.95,ここのお店の食材は本当に新鮮で美味しい！特にお肉や魚は質が高くて、他のどの店でも同じクオリティは見たことがない。信頼しています。
57,380,27,5.0,2023-11-29,コスパ・お得感,高いポイント還元率と割引制度で利用するほどお得になる。,0.95,ポイント還元率が非常に高くて、割引制度も素晴らしい！何度も利用しているうちに、どんどんお得になっていく感覚があって、絶対にお得感があります。
58,1924,100,5.0,2023-03-26,接客・サービス,スタッフの対応は親切だが、接客速度に改善の余地あり。,0.85,スタッフの対応はとても良かったです。商品について詳しく説明してくれたり、質問にも親切に答えてくれたので安心して買い物ができました。ただ、もう少しスピードが速ければ、さらに良かったと思います。
59,4306,21,5.0,2023-10-17,品質,新鮮で高品質な食材、特に肉と魚が魅力的。,0.95,ここのお店の食材は本当に新鮮で美味しい！特にお肉や魚は質が高くて、他のどの店でも同じクオリティは見たことがない。信頼しています。
60,6383,1,5.0,2023-10-25,接客・サービス,店内の清潔さと接客の良さが印象的で再訪したい。,0.85,店内は綺麗だし、お店の人も気持ちいい対応してくれて良いですね。また利用したいと思います。
61,9712,32,5.0,2023-08-24,接客・サービス,スタッフの対応は親切だが、接客速度に改善の余地あり。,0.85,スタッフの対応はとても良かったです。商品について詳しく説明してくれたり、質問にも親切に答えてくれたので安心して買い物ができました。ただ、もう少しスピードが速ければ、さらに良かったと思います。
62,7751,12,5.0,2023-08-13,接客・サービス,店内の清潔さと接客の良さが印象的で再訪したい。,0.85,店内は綺麗だし、お店の人も気持ちいい対応してくれて良いですね。また利用したいと思います。
63,2194,6,5.0,2023-10-16,店舗設備・環境,広々とした店内で商品が見やすく配置され、快適に買い物できた。,0.95,店内はとても広々としていて、通路も広くて歩きやすかったです。商品が綺麗に陳列されていて、どこに何があるかが一目でわかり、とても快適に買い物できました！
65,4028,48,5.0,2023-04-17,接客・サービス,店員の親切で丁寧な対応に感動した。,0.95,店員さんがとても親切でした。困っているとすぐに気づいて、丁寧に説明してくれました。あんなに親身に対応してもらえたのは初めてで、感動しました！
66,810,93,5.0,2023-03-29,コスパ・お得感,他店より安価で高品質な商品が購入でき満足感がある。,0.95,この店の価格は本当に素晴らしい！他の店では考えられないほど安くて、高品質の商品が手に入ります。特にお得感があり、いつも満足しています。
68,3364,24,5.0,2023-12-05,コスパ・お得感,この店は他店より安く高品質な商品が購入でき満足感がある。,0.95,この店の価格は本当に素晴らしい！他の店では考えられないほど安くて、高品質の商品が手に入ります。特にお得感があり、いつも満足しています。
69,6967,51,5.0,2023-12-10,接客・サービス,店員の親切で丁寧な対応に感動した。,0.95,店員さんがとても親切でした。困っているとすぐに気づいて、丁寧に説明してくれました。あんなに親身に対応してもらえたのは初めてで、感動しました！
70,121,12,5.0,2023-01-09,品揃え・在庫,他店にない珍しい商品が豊富に揃っている。,0.95,ここに来ると、本当に欲しかった商品がいつも見つかる！他の店では見かけないような珍しい商品まで取り揃えていて、毎回驚かされます。
73,7187,26,5.0,2023-12-18,コスパ・お得感,他店より安価で高品質な商品が購入でき満足感がある。,0.95,この店の価格は本当に素晴らしい！他の店では考えられないほど安くて、高品質の商品が手に入ります。特にお得感があり、いつも満足しています。
74,5146,28,5.0,2023-06-22,接客・サービス,スタッフの対応は親切だが、接客速度に改善の余地あり。,0.85,スタッフの対応はとても良かったです。商品について詳しく説明してくれたり、質問にも親切に答えてくれたので安心して買い物ができました。ただ、もう少しスピードが速ければ、さらに良かったと思います。
75,8628,60,5.0,2023-03-06,接客・サービス,店内の清潔さと接客の良さが印象的で再訪したい。,0.85,店内は綺麗だし、お店の人も気持ちいい対応してくれて良いですね。また利用したいと思います。
77,9468,7,5.0,2023-07-10,コスパ・お得感,価格に対して高品質で最もお得なサービス。,0.95,価格に対して商品やサービスのクオリティが非常に高いです。どこに行ってもここが一番お得だと思います。
80,8930,22,5.0,2023-11-03,店舗設備・環境,広々とした店内で商品が見やすく配置され、快適に買い物できた。,0.95,店内はとても広々としていて、通路も広くて歩きやすかったです。商品が綺麗に陳列されていて、どこに何があるかが一目でわかり、とても快適に買い物できました！
81,5281,85,5.0,2023-03-25,コスパ・お得感,価格に対して高品質で最もお得なサービス。,0.95,価格に対して商品やサービスのクオリティが非常に高いです。どこに行ってもここが一番お得だと思います。
82,774,77,5.0,2023-12-21,コスパ・お得感,セールが充実しており、毎回お得に買い物ができる。,0.95,セールが大変充実していて、欲しかった商品が驚きの価格で手に入ることが多いです。毎回訪れるたびにお得な買い物ができて、本当にありがたいです。
83,163,16,5.0,2023-09-08,店舗設備・環境,広々とした店内で商品が見やすく快適に買い物できた。,0.95,店内はとても広々としていて、通路も広くて歩きやすかったです。商品が綺麗に陳列されていて、どこに何があるかが一目でわかり、とても快適に買い物できました！
84,6408,90,5.0,2023-10-22,コスパ・お得感,価格に対して高品質で最もお得なサービス。,0.95,価格に対して商品やサービスのクオリティが非常に高いです。どこに行ってもここが一番お得だと思います。
88,9261,20,5.0,2023-08-23,コスパ・お得感,セールや特売の割引が嬉しいが、もっと頻繁に開催してほしい。,0.75,セールや特売がたまに行われていて、割引もあるので嬉しいです。もっと頻繁にやってくれるとありがたいですね。
89,9213,43,5.0,2023-08-17,接客・サービス,店内の清潔さと接客の良さが印象的で再訪したい。,0.85,店内は綺麗だし、お店の人も気持ちいい対応してくれて良いですね。また利用したいと思います。
97,6679,10,5.0,2023-05-30,コスパ・お得感,価格に対して高品質で最もお得なサービス。,0.95,価格に対して商品やサービスのクオリティが非常に高いです。どこに行ってもここが一番お得だと思います。
98,5315,92,5.0,2023-07-12,店舗設備・環境,広々とした店内で商品が見やすく快適に買い物できた。,0.95,店内はとても広々としていて、通路も広くて歩きやすかったです。商品が綺麗に陳列されていて、どこに何があるかが一目でわかり、とても快適に買い物できました！
99,6836,29,5.0,2023-06-20,コスパ・お得感,高いポイント還元率と割引制度で利用するほどお得になる。,0.95,ポイント還元率が非常に高くて、割引制度も素晴らしい！何度も利用しているうちに、どんどんお得になっていく感覚があって、絶対にお得感があります。
101,1593,43,5.0,2023-10-16,品揃え・在庫,この店は珍しい商品が豊富で欲しいものが見つかる。,0.95,ここに来ると、本当に欲しかった商品がいつも見つかる！他の店では見かけないような珍しい商品まで取り揃えていて、毎回驚かされます。
103,383,65,5.0,2023-01-11,コスパ・お得感,ポイント還元率と割引制度が充実し、利用するほどお得になる。,0.95,ポイント還元率が非常に高くて、割引制度も素晴らしい！何度も利用しているうちに、どんどんお得になっていく感覚があって、絶対にお得感があります。
104,9418,38,5.0,2023-06-07,接客・サービス,スタッフの対応は親切だが、接客速度に改善の余地あり。,0.85,スタッフの対応はとても良かったです。商品について詳しく説明してくれたり、質問にも親切に答えてくれたので安心して買い物ができました。ただ、もう少しスピードが速ければ、さらに良かったと思います。
105,9092,40,5.0,2023-08-28,コスパ・お得感,セールや特売の割引が嬉しいが、もっと頻繁に実施してほしい。,0.75,セールや特売がたまに行われていて、割引もあるので嬉しいです。もっと頻繁にやってくれるとありがたいですね。
106,7499,22,5.0,2023-06-27,品質,新鮮で高品質な食材、特に肉と魚が自慢の店。,0.95,ここのお店の食材は本当に新鮮で美味しい！特にお肉や魚は質が高くて、他のどの店でも同じクオリティは見たことがない。信頼しています。
107,8297,18,5.0,2023-11-04,店舗設備・環境,広々とした店内で商品が見やすく快適に買い物できた。,0.95,店内はとても広々としていて、通路も広くて歩きやすかったです。商品が綺麗に陳列されていて、どこに何があるかが一目でわかり、とても快適に買い物できました！
110,102,53,5.0,2023-04-15,品質,新鮮で高品質な食材、特に肉と魚が自慢の店。,0.95,ここのお店の食材は本当に新鮮で美味しい！特にお肉や魚は質が高くて、他のどの店でも同じクオリティは見たことがない。信頼しています。
113,9202,74,5.0,2023-05-26,コスパ・お得感,セールや特売の割引が嬉しいが、もっと頻繁に開催してほしい。,0.75,セールや特売がたまに行われていて、割引もあるので嬉しいです。もっと頻繁にやってくれるとありがたいですね。
114,9960,82,5.0,2023-08-08,接客・サービス,店員の親切で丁寧な対応に感動した。,0.95,店員さんがとても親切でした。困っているとすぐに気づいて、丁寧に説明してくれました。あんなに親身に対応してもらえたのは初めてで、感動しました！
116,3241,35,5.0,2023-05-15,コスパ・お得感,ポイント還元率が高く、割引制度も充実した非常にお得なサービス。,0.95,ポイント還元率が非常に高くて、割引制度も素晴らしい！何度も利用しているうちに、どんどんお得になっていく感覚があって、絶対にお得感があります。
117,3603,69,5.0,2023-10-06,品揃え・在庫,他店にない珍しい商品が豊富に揃っている。,0.95,ここに来ると、本当に欲しかった商品がいつも見つかる！他の店では見かけないような珍しい商品まで取り揃えていて、毎回驚かされます。
119,7930,88,5.0,2023-02-28,コスパ・お得感,セールや特売の割引が嬉しいが、もっと頻繁に開催を希望。,0.75,セールや特売がたまに行われていて、割引もあるので嬉しいです。もっと頻繁にやってくれるとありがたいですね。
122,2787,82,5.0,2023-06-26,品揃え・在庫,他店にない珍しい商品が豊富に揃っている。,0.95,ここに来ると、本当に欲しかった商品がいつも見つかる！他の店では見かけないような珍しい商品まで取り揃えていて、毎回驚かされます。
125,8171,82,5.0,2023-05-30,コスパ・お得感,セールが充実しており、欲しい商品がお得に購入できる。,0.95,セールが大変充実していて、欲しかった商品が驚きの価格で手に入ることが多いです。毎回訪れるたびにお得な買い物ができて、本当にありがたいです。
128,8821,44,5.0,2023-09-17,コスパ・お得感,価格に対して高品質で最もお得なサービス。,0.95,価格に対して商品やサービスのクオリティが非常に高いです。どこに行ってもここが一番お得だと思います。
130,5604,23,5.0,2023-01-30,コスパ・お得感,高いポイント還元率と割引制度で利用するほどお得になる。,0.95,ポイント還元率が非常に高くて、割引制度も素晴らしい！何度も利用しているうちに、どんどんお得になっていく感覚があって、絶対にお得感があります。
131,1837,71,5.0,2023-08-09,コスパ・お得感,セールや特売の割引が嬉しいが、もっと頻繁に希望。,0.75,セールや特売がたまに行われていて、割引もあるので嬉しいです。もっと頻繁にやってくれるとありがたいですね。
132,8871,10,5.0,2023-02-26,品揃え・在庫,他店にない珍しい商品が豊富に揃っている。,0.95,ここに来ると、本当に欲しかった商品がいつも見つかる！他の店では見かけないような珍しい商品まで取り揃えていて、毎回驚かされます。
133,7021,68,5.0,2023-09-09,接客・サービス,店内の清潔さと接客の良さが印象的で再訪したい。,0.85,店内は綺麗だし、お店の人も気持ちいい対応してくれて良いですね。また利用したいと思います。
134,2956,17,5.0,2023-01-14,コスパ・お得感,他店より安価で高品質な商品が購入でき満足感がある。,0.95,この店の価格は本当に素晴らしい！他の店では考えられないほど安くて、高品質の商品が手に入ります。特にお得感があり、いつも満足しています。
135,2163,3,5.0,2023-11-05,品質,新鮮で高品質な食材、特に肉と魚が自慢の店。,0.95,ここのお店の食材は本当に新鮮で美味しい！特にお肉や魚は質が高くて、他のどの店でも同じクオリティは見たことがない。信頼しています。
136,3310,63,5.0,2023-12-05,コスパ・お得感,高いポイント還元率と割引制度で、利用するほどお得になる。,0.95,ポイント還元率が非常に高くて、割引制度も素晴らしい！何度も利用しているうちに、どんどんお得になっていく感覚があって、絶対にお得感があります。
139,9971,43,5.0,2023-02-22,接客・サービス,スタッフの対応は親切だが、接客速度に改善の余地あり。,0.85,スタッフの対応はとても良かったです。商品について詳しく説明してくれたり、質問にも親切に答えてくれたので安心して買い物ができました。ただ、もう少しスピードが速ければ、さらに良かったと思います。
140,653,53,5.0,2023-05-19,コスパ・お得感,高品質な商品が他店より安く購入できる。,0.95,この店の価格は本当に素晴らしい！他の店では考えられないほど安くて、高品質の商品が手に入ります。特にお得感があり、いつも満足しています。
141,8673,65,5.0,2023-11-23,コスパ・お得感,セールや特売の割引が嬉しいが、もっと頻繁に開催してほしい。,0.75,セールや特売がたまに行われていて、割引もあるので嬉しいです。もっと頻繁にやってくれるとありがたいですね。
142,233,57,5.0,2023-02-09,接客・サービス,店員の親切で丁寧な対応に感動した。,0.95,店員さんがとても親切でした。困っているとすぐに気づいて、丁寧に説明してくれました。あんなに親身に対応してもらえたのは初めてで、感動しました！
143,8826,38,5.0,2023-02-23,コスパ・お得感,この店は他店より安く高品質な商品が購入でき満足感がある。,0.95,この店の価格は本当に素晴らしい！他の店では考えられないほど安くて、高品質の商品が手に入ります。特にお得感があり、いつも満足しています。
144,2537,75,5.0,2023-12-22,コスパ・お得感,セールが充実しており、欲しい商品がお得に購入できる。,0.95,セールが大変充実していて、欲しかった商品が驚きの価格で手に入ることが多いです。毎回訪れるたびにお得な買い物ができて、本当にありがたいです。
147,3671,88,5.0,2023-07-06,コスパ・お得感,価格に対して高品質で最もお得なサービス。,0.95,価格に対して商品やサービスのクオリティが非常に高いです。どこに行ってもここが一番お得だと思います。
148,3176,9,5.0,2023-04-03,接客・サービス,スタッフの対応は親切だが、接客速度に改善の余地あり。,0.85,スタッフの対応はとても良かったです。商品について詳しく説明してくれたり、質問にも親切に答えてくれたので安心して買い物ができました。ただ、もう少しスピードが速ければ、さらに良かったと思います。
149,8771,85,5.0,2023-04-25,コスパ・お得感,他店より安価で高品質な商品が購入でき満足感がある。,0.95,この店の価格は本当に素晴らしい！他の店では考えられないほど安くて、高品質の商品が手に入ります。特にお得感があり、いつも満足しています。
150,5510,57,5.0,2023-11-10,コスパ・お得感,セールが充実しており、欲しい商品がお得に購入できる。,0.95,セールが大変充実していて、欲しかった商品が驚きの価格で手に入ることが多いです。毎回訪れるたびにお得な買い物ができて、本当にありがたいです。
151,252,56,5.0,2023-10-20,コスパ・お得感,セールや特売の割引が嬉しいが、もっと頻繁に開催してほしい。,0.75,セールや特売がたまに行われていて、割引もあるので嬉しいです。もっと頻繁にやってくれるとありがたいですね。
152,9173,16,5.0,2023-05-30,接客・サービス,スタッフの対応は親切だが、接客速度に改善の余地あり。,0.85,スタッフの対応はとても良かったです。商品について詳しく説明してくれたり、質問にも親切に答えてくれたので安心して買い物ができました。ただ、もう少しスピードが速ければ、さらに良かったと思います。
153,4786,68,5.0,2023-06-03,コスパ・お得感,高いポイント還元率と割引制度で利用するほどお得になる。,0.95,ポイント還元率が非常に高くて、割引制度も素晴らしい！何度も利用しているうちに、どんどんお得になっていく感覚があって、絶対にお得感があります。
154,4732,96,5.0,2023-02-15,品質,新鮮で高品質な食材、特に肉と魚が自慢の店。,0.95,ここのお店の食材は本当に新鮮で美味しい！特にお肉や魚は質が高くて、他のどの店でも同じクオリティは見たことがない。信頼しています。
155,9950,17,5.0,2023-03-16,コスパ・お得感,セールや特売の割引が嬉しいが、もっと頻繁に開催を希望。,0.75,セールや特売がたまに行われていて、割引もあるので嬉しいです。もっと頻繁にやってくれるとありがたいですね。
157,2117,3,5.0,2023-09-07,接客・サービス,店員の親切で丁寧な対応に感動した。,0.95,店員さんがとても親切でした。困っているとすぐに気づいて、丁寧に説明してくれました。あんなに親身に対応してもらえたのは初めてで、感動しました！
159,9120,47,5.0,2023-08-19,コスパ・お得感,価格に対して高品質で最もお得なサービス。,0.95,価格に対して商品やサービスのクオリティが非常に高いです。どこに行ってもここが一番お得だと思います。
161,118,72,5.0,2023-06-15,コスパ・お得感,セールや特売の割引が嬉しいが、もっと頻繁に開催してほしい。,0.75,セールや特売がたまに行われていて、割引もあるので嬉しいです。もっと頻繁にやってくれるとありがたいですね。
164,6499,55,5.0,2023-09-20,接客・サービス,店員の親切で丁寧な対応に感動した。,0.95,店員さんがとても親切でした。困っているとすぐに気づいて、丁寧に説明してくれました。あんなに親身に対応してもらえたのは初めてで、感動しました！
165,4130,62,5.0,2023-09-28,コスパ・お得感,価格に対して高品質で最もお得なサービス。,0.95,価格に対して商品やサービスのクオリティが非常に高いです。どこに行ってもここが一番お得だと思います。
166,1267,2,5.0,2023-09-12,品揃え・在庫,他店にない珍しい商品が豊富に揃っている。,0.95,ここに来ると、本当に欲しかった商品がいつも見つかる！他の店では見かけないような珍しい商品まで取り揃えていて、毎回驚かされます。
167,7619,3,5.0,2023-09-21,コスパ・お得感,セールが充実しており、欲しい商品がお得に購入できる。,0.95,セールが大変充実していて、欲しかった商品が驚きの価格で手に入ることが多いです。毎回訪れるたびにお得な買い物ができて、本当にありがたいです。
168,2362,76,5.0,2023-06-11,品質,新鮮で高品質な食材、特に肉と魚が魅力的。,0.95,ここのお店の食材は本当に新鮮で美味しい！特にお肉や魚は質が高くて、他のどの店でも同じクオリティは見たことがない。信頼しています。
169,139,79,5.0,2023-06-18,接客・サービス,店内の清潔さと接客の良さが印象的で再訪したい。,0.85,店内は綺麗だし、お店の人も気持ちいい対応してくれて良いですね。また利用したいと思います。
171,1895,41,5.0,2023-09-11,品質,新鮮で高品質な食材、特に肉と魚が自慢のお店。,0.95,ここのお店の食材は本当に新鮮で美味しい！特にお肉や魚は質が高くて、他のどの店でも同じクオリティは見たことがない。信頼しています。
172,7838,28,5.0,2023-12-14,コスパ・お得感,セールが充実しており、欲しい商品がお得に購入できる。,0.95,セールが大変充実していて、欲しかった商品が驚きの価格で手に入ることが多いです。毎回訪れるたびにお得な買い物ができて、本当にありがたいです。
173,4961,82,5.0,2023-10-17,店舗設備・環境,広々とした店内で商品が見やすく快適に買い物できた。,0.95,店内はとても広々としていて、通路も広くて歩きやすかったです。商品が綺麗に陳列されていて、どこに何があるかが一目でわかり、とても快適に買い物できました！
175,5543,99,5.0,2023-01-20,品質,新鮮で高品質な食材、特に肉と魚が魅力的。,0.95,ここのお店の食材は本当に新鮮で美味しい！特にお肉や魚は質が高くて、他のどの店でも同じクオリティは見たことがない。信頼しています。
176,429,38,5.0,2023-02-11,接客・サービス,店内の清潔さと接客の良さが印象的で再訪したい。,0.85,店内は綺麗だし、お店の人も気持ちいい対応してくれて良いですね。また利用したいと思います。
177,3494,54,5.0,2023-07-30,コスパ・お得感,他店より安価で高品質な商品が購入でき満足感がある。,0.95,この店の価格は本当に素晴らしい！他の店では考えられないほど安くて、高品質の商品が手に入ります。特にお得感があり、いつも満足しています。
178,7306,19,5.0,2023-06-07,コスパ・お得感,ポイント還元率と割引制度が優れており、利用するほどお得になる。,0.95,ポイント還元率が非常に高くて、割引制度も素晴らしい！何度も利用しているうちに、どんどんお得になっていく感覚があって、絶対にお得感があります。
180,4818,14,5.0,2023-06-30,コスパ・お得感,ポイント還元率が高く、割引制度も充実した非常にお得なサービス。,0.95,ポイント還元率が非常に高くて、割引制度も素晴らしい！何度も利用しているうちに、どんどんお得になっていく感覚があって、絶対にお得感があります。
181,4013,13,5.0,2023-02-07,コスパ・お得感,高いポイント還元率と割引制度で利用するほどお得になる。,0.95,ポイント還元率が非常に高くて、割引制度も素晴らしい！何度も利用しているうちに、どんどんお得になっていく感覚があって、絶対にお得感があります。
182,8144,7,5.0,2023-01-21,コスパ・お得感,セールや特売の割引が嬉しいが、もっと頻繁に開催してほしい。,0.75,セールや特売がたまに行われていて、割引もあるので嬉しいです。もっと頻繁にやってくれるとありがたいですね。
183,9037,96,5.0,2023-08-08,店舗設備・環境,広々とした店内で商品が見やすく配置され、快適に買い物できた。,0.95,店内はとても広々としていて、通路も広くて歩きやすかったです。商品が綺麗に陳列されていて、どこに何があるかが一目でわかり、とても快適に買い物できました！
184,2889,98,5.0,2023-07-09,店舗設備・環境,広々とした店内で商品が見やすく配置され快適に買い物できた。,0.95,店内はとても広々としていて、通路も広くて歩きやすかったです。商品が綺麗に陳列されていて、どこに何があるかが一目でわかり、とても快適に買い物できました！
186,6430,47,5.0,2023-10-10,接客・サービス,店員の親切で丁寧な対応に感動した。,0.95,店員さんがとても親切でした。困っているとすぐに気づいて、丁寧に説明してくれました。あんなに親身に対応してもらえたのは初めてで、感動しました！
190,4578,44,5.0,2023-05-25,品揃え・在庫,この店は珍しい商品も豊富で欲しいものが見つかる。,0.95,ここに来ると、本当に欲しかった商品がいつも見つかる！他の店では見かけないような珍しい商品まで取り揃えていて、毎回驚かされます。
192,1526,49,5.0,2023-04-09,コスパ・お得感,セールが充実しており、欲しい商品がお得に購入できる。,0.95,セールが大変充実していて、欲しかった商品が驚きの価格で手に入ることが多いです。毎回訪れるたびにお得な買い物ができて、本当にありがたいです。
194,8769,20,5.0,2023-01-26,接客・サービス,店員の親切で丁寧な対応に感動した。,0.95,店員さんがとても親切でした。困っているとすぐに気づいて、丁寧に説明してくれました。あんなに親身に対応してもらえたのは初めてで、感動しました！
195,5465,39,5.0,2023-10-07,接客・サービス,店員の親切で丁寧な対応に感動した。,0.95,店員さんがとても親切でした。困っているとすぐに気づいて、丁寧に説明してくれました。あんなに親身に対応してもらえたのは初めてで、感動しました！
196,9023,8,5.0,2023-07-10,品揃え・在庫,この店は珍しい商品が豊富で欲しいものが必ず見つかる。,0.95,ここに来ると、本当に欲しかった商品がいつも見つかる！他の店では見かけないような珍しい商品まで取り揃えていて、毎回驚かされます。
200,2927,17,5.0,2023-06-25,店舗設備・環境,広々とした店内で商品が見やすく快適に買い物できた。,0.95,店内はとても広々としていて、通路も広くて歩きやすかったです。商品が綺麗に陳列されていて、どこに何があるかが一目でわかり、とても快適に買い物できました！
